sku,nombre,codigo_barras,marca,via_recomendada
"DERM-I00061","A-derma Dermalibour Barrier Crema 100 ML","3282770108729","A-DERMA","buscar o foto propia"
"DERM-I00064","A-derma Epitheliale A.H Ultra Reparador SPF 50 40ML","3282770209440","A-DERMA","buscar o foto propia"
"DERM-I00068","A-derma Exomega Control Emoliente 200 ML","","A-DERMA","buscar o foto propia"
"DERM-I00069","A-derma Exomega Control Emoliente Defi 200 ML","3282770073072","A-DERMA","buscar o foto propia"
"DERM-I00071","A-derma Exomega Control GEL Emoliente 2 EN 1 200 ML","3282770144116","A-DERMA","buscar o foto propia"
"DERM-I00072","A-derma Exomega Control GEL Emoliente 2 EN 1 500 ML","3282770144314","A-DERMA","buscar o foto propia"
"DERM-I00075","A-derma GEL Douche Hydra-protecteur 500 ML","3282770145908","A-DERMA","buscar o foto propia"
"DERM-I00001","Abravia Cetirizina 10 MG 10 Tabletas","7460082500233","ABRAVIA","buscar o foto propia"
"DERM-I00002","Abravia Jarabe 60 ML","7460082500240","ABRAVIA","buscar o foto propia"
"DERM-I00003","Aceite Rosa Mosqueta 118 ML","0851615006075","ACEITE","buscar o foto propia"
"DERM-I00004","Acido Hipocloroso Facial Cleanser Spray 236 ML","","ACIDO","buscar o foto propia"
"DERM-I00005","Acido Hipocloroso Spray 200 ML","","ACIDO","buscar o foto propia"
"DERM-I00008","ACM Boreade Global Emulsion Correctora Anti-imperfecciones 40 ML","3760095253893","ACM","sitio oficial de marca"
"DERM-I00013","ACM Cicastim Crema Reparadora Tubo 20 ML","3760095250540","ACM","sitio oficial de marca"
"DERM-I00023","ACM Desodorante Anti-transpirante Calmante Rosado 50ML","3760095254562","ACM","sitio oficial de marca"
"DERM-I00024","ACM Desodorante Anti-transpirante Fresco Azul 50ML","3760095254555","ACM","sitio oficial de marca"
"DERM-I00025","ACM Desodorante Anti-transpirante Intenso Rojo 50ML","3760095254579","ACM","sitio oficial de marca"
"DERM-I00031","ACM Duolys Crema Peeling Regenerante DE Noche AHA AL 10 40ML","3760095254852","ACM","sitio oficial de marca"
"DERM-I00034","ACM Duolys Mascarilla Exfoliante AHA AL 15 50ML","3760095254869","ACM","sitio oficial de marca"
"DERM-I00036","ACM Duolys Riche Anti-envejecimiento 40 ML","3760095252353","ACM","sitio oficial de marca"
"DERM-I00052","ACM Sensitelial Ultra Rich Dermatological Barra 100 GR","3760095253275","ACM","sitio oficial de marca"
"DERM-I00053","ACM Skintsugi Contorno DE Ojos 15 ML","8414719600178","ACM","sitio oficial de marca"
"DERM-I00054","ACM Skintsugi Crema Hidratante Iluminadora SPF 50 ML","8414719600055","ACM","sitio oficial de marca"
"DERM-I00055","ACM Skintsugi Jelly Soap Purifying Cleanser 150 ML","8414719600031","ACM","sitio oficial de marca"
"DERM-I00056","ACM Skintsugi Serum Revitalizante Lifting 5X2 ML","8414719600154","ACM","sitio oficial de marca"
"DERM-I00057","ACM Viticolor GEL Regulador Tubo 50 ML","3760095250083","ACM","sitio oficial de marca"
"DERM-I00076","Agrado Bruma Seca SPF 50+ 200 ML","8433295060756","AGRADO","buscar o foto propia"
"DERM-I00077","AID Unguento 30 MG","7468476300117","AID","buscar o foto propia"
"DERM-I00078","Akun 1 Barra","7467634171866","AKUN","buscar o foto propia"
"DERM-I00079","Akun 2 Barra","7467634171859","AKUN","buscar o foto propia"
"DERM-I00080","Akun 5 Barra","7467634171873","AKUN","buscar o foto propia"
"DERM-I00081","Alercet 10 MG","","ALERCET","buscar o foto propia"
"DERM-I00082","Alercet 10 MG ** Detalle **","7703153001742","ALERCET","buscar o foto propia"
"DERM-I00083","Alucal Sobres","7460082500080","ALUCAL","buscar o foto propia"
"DERM-I00084","Amplibiotic 500 MG","7467851052009","AMPLIBIOTIC","buscar o foto propia"
"DERM-I00085","Anthelios 60 Shaka Ultra Light Fluido","","ANTHELIOS","buscar o foto propia"
"DERM-I00086","Apartal Forte GEL Dermico","7401156645214","APARTAL","buscar o foto propia"
"DERM-I00087","APG Crema Renovadora Cuerpo","8022297025452","APG","buscar o foto propia"
"DERM-I00088","APG Desodorante Spray Laser","","APG","buscar o foto propia"
"DERM-I00089","APG Fluido Lenitivo Cara Laser","","APG","buscar o foto propia"
"DERM-I00090","Aquaphor Advanced Therapy 1.7 OZ","0072140452315","AQUAPHOR","buscar o foto propia"
"DERM-I00091","Aquaphor LIP Protectant Sunscreen SPF 30","0072140010119","AQUAPHOR","buscar o foto propia"
"DERM-I00092","Aquaphor LIP Repair Stick","0072140026493","AQUAPHOR","buscar o foto propia"
"DERM-I00093","Aquaphor Pasta Protector DE Piel","0072140031275","AQUAPHOR","buscar o foto propia"
"DERM-I00094","Aquaphor Reparador DE Labios","4005800268731","AQUAPHOR","buscar o foto propia"
"DERM-I00095","Argental Plus 15 G","7460347602849","ARGENTAL","buscar o foto propia"
"DERM-I00096","Artrait 10 MG 4 Comprimidos","7401156644316","ARTRAIT","buscar o foto propia"
"DERM-I00097","Artrait 15 MG","7401156644415","ARTRAIT","buscar o foto propia"
"DERM-I00098","Atache Balancing Cream I 50 ML","8430795002668","ATACHE","buscar o foto propia"
"DERM-I00099","Atache Balancing Cream II 50 ML","8430795002675","ATACHE","buscar o foto propia"
"DERM-I00100","Atache BE SUN Make Compacto Dore","8430795000688","ATACHE","buscar o foto propia"
"DERM-I00101","Atache C Vital Blast Antioxidante Velvet Serum 30 ML","8430795001258","ATACHE","buscar o foto propia"
"DERM-I00102","Atache Excellence Cellular BIO Repair Double Serum 30 ML","8430795000091","ATACHE","buscar o foto propia"
"DERM-I00103","Atache Lift Thepary Force Lift DAY DAY 50 ML","8430795001029","ATACHE","buscar o foto propia"
"DERM-I00104","Atache Lift Therapy Solution Crema","8430795001036","ATACHE","buscar o foto propia"
"DERM-I00105","Atache Postbiotic Salicylic Acid 30 ML","8430795002705","ATACHE","buscar o foto propia"
"DERM-I00107","Atache Vital AGE Wrinkle Attack Night Cream","8430795001135","ATACHE","buscar o foto propia"
"DERM-I00108","Aveeno Calm+restore Nourishing OAT Cleanser 232 ML","0381371191819","AVEENO","buscar o foto propia"
"DERM-I00109","Aveeno Calm+restore OAT GEL Moisturizer 48 G","0381371191840","AVEENO","buscar o foto propia"
"DERM-I00110","Aveeno Eczema Therapy 5 OZ","0381371151059","AVEENO","buscar o foto propia"
"DERM-I00111","Aveeno Tone + Texture Renewing Night Cream 8 OZ","","AVEENO","buscar o foto propia"
"DERM-I00116","Avene Cicalfate Balsamo Reparador Labios 10ML","3282770101263","AVENE","sitio oficial de marca"
"DERM-I00141","Avene Hyaluron Activ B3 Crema Regeneradora Celular DE DIA 30 ML.","3282770153170","AVENE","sitio oficial de marca"
"DERM-I00147","Avene Physiolift Noche","3282770049350","AVENE","sitio oficial de marca"
"DERM-I00148","Avene Physiolift Yeux - Ojos","3282770049381","AVENE","sitio oficial de marca"
"DERM-I00149","Avene Retrinal 0.1 Intensive Crema 15 ML","3282770397017","AVENE","sitio oficial de marca"
"DERM-I00150","Avene Solar Antiedad SPF 50+ 50ML","","AVENE","sitio oficial de marca"
"DERM-I00154","Avene Tolerance Foaming Facial Cleanser 390 ML","3282770393569","AVENE","sitio oficial de marca"
"DERM-I00155","Avene Tolerance Soothing Skin Recovery Crema 40 ML","","AVENE","sitio oficial de marca"
"DERM-I00156","Avene Trixera Pain 100 ML","3282770114096","AVENE","sitio oficial de marca"
"DERM-I00158","Avene Ultra Fluido Ultra MAT SPF 50","3282770392654","AVENE","sitio oficial de marca"
"DERM-I00159","Avene Vitamina Activ CG Crema 30 ML","3282770393507","AVENE","sitio oficial de marca"
"DERM-I00165","Avexa 30 MG 10 Tabletas","7468517135135","AVEXA","buscar o foto propia"
"DERM-I00166","Avodart 0.5 MG 30 Tabletas","","AVODART","buscar o foto propia"
"DERM-I00167","B-33 Jabon Liquido 100 ML","7467851050135","B-33","buscar o foto propia"
"DERM-I00171","Babe Balsamo DE Aceite 500 ML","8436571631381","BABE","sitio oficial de marca"
"DERM-I00172","Babe Bicalm + 10 Ampollas X 2 ML","8436571630377","BABE","sitio oficial de marca"
"DERM-I00177","Babe Depigment Super Fluido SPF 50 50ML","8436571631978","BABE","sitio oficial de marca"
"DERM-I00178","Babe Depigmentante Fluido Control 40 ML","8436571631992","BABE","sitio oficial de marca"
"DERM-I00179","Babe Depigmentante Locion Glow Acelerador 150 ML","8436571631985","BABE","sitio oficial de marca"
"DERM-I00180","Babe Depigmentante Serum Intensivo 30 ML","8436571632005","BABE","sitio oficial de marca"
"DERM-I00182","Babe Fotoprotector Facial Oil-free 50+ 50 ML","8437014389326","BABE","sitio oficial de marca"
"DERM-I00189","Babe GEL Micelar 240 ML","8437011329882","BABE","sitio oficial de marca"
"DERM-I00190","Babe Healthyaging Booster Multi Rejuvenescedor 50 ML","8436571630780","BABE","sitio oficial de marca"
"DERM-I00191","Babe Healthyaging Multi Protectora 30 SPF Crema 50ML","8436571630797","BABE","sitio oficial de marca"
"DERM-I00192","Babe Healthyaging Multi Reparadora Crema 50 ML","8436571630803","BABE","sitio oficial de marca"
"DERM-I00193","Babe Healthyaging Tensor DE Ojos Y Labios 15 ML","8436571630773","BABE","sitio oficial de marca"
"DERM-I00196","Babe Hidro-nutritiva Protectora 50 ML SFP 20","8437011329165","BABE","sitio oficial de marca"
"DERM-I00198","Babe Hydra-calm Fluido Locion Corporal 500 ML","8437011329905","BABE","sitio oficial de marca"
"DERM-I00199","Babe Iqualogy White Locion Micelar Corrective 250ML","8437014389227","BABE","sitio oficial de marca"
"DERM-I00208","Babe Urea 10% Locion Reparadora 500 ML","8437011329028","BABE","sitio oficial de marca"
"DERM-I00209","Bamacol 0.25/5 MG 10 Tabletas","7460828578731","BAMACOL","buscar o foto propia"
"DERM-I00210","Bamacol Jarabe 0.25/5 MG","7460828578748","BAMACOL","buscar o foto propia"
"DERM-I00211","Banda Elastica Para EL Pelo, Lazo Para Ducha","","BANDA","buscar o foto propia"
"DERM-I00212","Becloderm-plus 25 G","7467557550038","BECLODERM-PLUS","buscar o foto propia"
"DERM-I00213","Bella Aurora Repigment 12 75 ML","8413400011422","BELLA","buscar o foto propia"
"DERM-I00214","Betnovate Locion Capilar 60 ML","7703363000603","BETNOVATE","buscar o foto propia"
"DERM-I00215","BIO OIL 125 ML","6001159113225","BIO","buscar o foto propia"
"DERM-I00216","BIO OIL Body Lotion 175ML","","BIO","buscar o foto propia"
"DERM-I00217","Biocortone Crema 20 GR","7460082502121","BIOCORTONE","buscar o foto propia"
"DERM-I00218","Biocortone Shampoo 100 ML","7460082502183","BIOCORTONE","buscar o foto propia"
"DERM-I00219","Biocortone Solución 30 ML","","BIOCORTONE","buscar o foto propia"
"DERM-I00220","Biocortone Unguento 20 G","7460082502138","BIOCORTONE","buscar o foto propia"
"DERM-I00225","Bioderma Cicabio SPF 50+ 30 ML","3401564695546","BIODERMA","sitio oficial de marca"
"DERM-I00231","Bioderma Photoderm Cover Touch Clair /light 50+","3701129803424","BIODERMA","sitio oficial de marca"
"DERM-I00232","Bioderma Photoderm Cover Touch Dorado 50+","3701129802724","BIODERMA","sitio oficial de marca"
"DERM-I00233","Bioderma Photoderm Cover Touch Mineral Doree Golden SPF 50","3701129803431","BIODERMA","sitio oficial de marca"
"DERM-I00234","Bioderma Photoderm Cover Touch Mineral Light SPF 50","","BIODERMA","sitio oficial de marca"
"DERM-I00236","Bioderma Photoderm MAX Fluido Claire SPF 1OO 40 ML","3701129803547","BIODERMA","sitio oficial de marca"
"DERM-I00237","Bioderma Photoderm MAX Fluido Invisible SPF 1OO 40 ML","3701129803561","BIODERMA","sitio oficial de marca"
"DERM-I00238","Bioderma Photoderm MAX Tinte Dore SPF 50 40ML","3401561197654","BIODERMA","sitio oficial de marca"
"DERM-I00248","Bioderma Sebium GEL Moussant Pompa 200 ML","3401578653709","BIODERMA","sitio oficial de marca"
"DERM-I00249","Bioderma Sebium GEL Moussant Tubo 200 ML","3401353806399","BIODERMA","sitio oficial de marca"
"DERM-000003","BIRETIX","8436574360455","BIRETIX","buscar o foto propia"
"DERM-I00267","Biretix Cleanser 200 ML","8436574361599","BIRETIX","buscar o foto propia"
"DERM-I00268","Biretix DUO GEL 30 ML","8470001859853","BIRETIX","buscar o foto propia"
"DERM-I00270","Biretix Mask 25ML","","BIRETIX","buscar o foto propia"
"DERM-I00271","Biretix Tri-active GEL Anti-imperfecciones 50 ML","8470001908285","BIRETIX","buscar o foto propia"
"DERM-I00272","Biretix Tri-active Spray 100 ML","8436574362558","BIRETIX","buscar o foto propia"
"DERM-I00273","Cantabria Inmunoferon Jarabe","8470001900470","CANTABRIA","buscar o foto propia"
"DERM-I00274","Cantabria Iraltone AGA Capsulas","8470002462533","CANTABRIA","buscar o foto propia"
"DERM-I00275","Cantabria Iraltone DS Shampoo 200 ML","8436574360523","CANTABRIA","buscar o foto propia"
"DERM-I00276","Cantabria Iraltone Fortifying Shampoo","8470001939456","CANTABRIA","buscar o foto propia"
"DERM-I00277","Cantabria Neoretin Body Lotion Areas Sensibles 100 ML","8436574363654","CANTABRIA","buscar o foto propia"
"DERM-I00278","Cantabria Neoretin Contorno DE Ojos 15 ML","8470002076754","CANTABRIA","buscar o foto propia"
"DERM-I00279","Cantabria Neoretin Control Ultra Emulsion Despigmentante","8470001894342","CANTABRIA","buscar o foto propia"
"DERM-I00280","Cantabria Neoretin Serum Booster Fluido","8470001653505","CANTABRIA","buscar o foto propia"
"DERM-I00281","Casmara Lightening Clarifying Antiaging Cream","8436561413690","CASMARA","buscar o foto propia"
"DERM-I00282","Celecoxib IF 400 MG X 30CAPS ** Detalle **","7468438462525","CELECOXIB","buscar o foto propia"
"DERM-I00283","Cepha 500 MG","7467851052108","CEPHA","buscar o foto propia"
"DERM-I00286","Cerave Anti-dandruff Hydrating Acondicionador 9 0Z","3606000612242","CERAVE","sitio oficial de marca"
"DERM-I00287","Cerave Anti-dandruff Hydrating Shampoo 12 OZ","3606000612228","CERAVE","sitio oficial de marca"
"DERM-I00288","Cerave Daily Moisturizing Lotion 12 OZ","3606000537743","CERAVE","sitio oficial de marca"
"DERM-I00289","Cerave Daily Moisturizing Lotion 8 OZ","3606000537736","CERAVE","sitio oficial de marca"
"DERM-I00293","Cerave Foaming Facial Cleanser Barra 4.5 OZ","3606000559554","CERAVE","sitio oficial de marca"
"DERM-I00295","Cerave Hydrating Facial Cleanser 12 OZ","3606000537699","CERAVE","sitio oficial de marca"
"DERM-I00296","Cerave Hydrating Hyaluronic Acid Serum 30 ML","3606000527997","CERAVE","sitio oficial de marca"
"DERM-I00297","Cerave Hydrating Mineral Sunscreen Face Sheer Tinte SPF 30","3606000512313","CERAVE","sitio oficial de marca"
"DERM-I00298","Cerave Hydrating Sheer Sunscreen SPF 30 89 ML","3606000554832","CERAVE","sitio oficial de marca"
"DERM-I00299","Cerave Moisturizing Cream 12OZ (340G)","3606000537729","CERAVE","sitio oficial de marca"
"DERM-I00302","Cerave SA Lotion FOR Rough & Bumpy Skin 8 OZ","3606000537712","CERAVE","sitio oficial de marca"
"DERM-I00304","Cerave Ultra Light Moisture Lotion SPF 30 1.7 OZ","3606000537521","CERAVE","sitio oficial de marca"
"DERM-I00305","Cetaphil AD Restoraderm 295ML","","CETAPHIL","buscar o foto propia"
"DERM-I00308","Cetaphil Eczema Restoraderm Itch Relief GEL 2 OZ","0302994129003","CETAPHIL","buscar o foto propia"
"DERM-I00309","Cetaphil GEL Limpiador Facial Para Piel Grasa 227 ML","3499320012812","CETAPHIL","buscar o foto propia"
"DERM-I00310","Cetaphil Gentle Skin Cleanser 20 OZ","0302990110289","CETAPHIL","buscar o foto propia"
"DERM-I00311","Cetaphil Moisturizing Crema 20 OZ","0302993917595","CETAPHIL","buscar o foto propia"
"DERM-I00312","Cetaphil Moisturizing Lotion 20 OZ","0302990241389","CETAPHIL","buscar o foto propia"
"DERM-I00314","Cetaphil Uva/uvb Defense FPS 50+ 50ML","3499320003001","CETAPHIL","buscar o foto propia"
"DERM-I00315","Cetopic Proteoglicanos-c AMP./30","","CETOPIC","buscar o foto propia"
"DERM-I00316","Ciprobiotic 500 MG","","CIPROBIOTIC","buscar o foto propia"
"DERM-I00317","Clindaris GEL 30 G","7420001080437","CLINDARIS","buscar o foto propia"
"DERM-I00318","Clorexin 4% 100 ML","7460082504224","CLOREXIN","buscar o foto propia"
"DERM-I00319","Clorexin 4% 200 ML","7460082504231","CLOREXIN","buscar o foto propia"
"DERM-I00320","Clorexin 4% Jabon Liquido 450 ML","7460082504347","CLOREXIN","buscar o foto propia"
"DERM-I00321","Clozol Crema","7460082504262","CLOZOL","buscar o foto propia"
"DERM-I00322","Collo Pack Solucion 10 ML","7460536573141","COLLO","buscar o foto propia"
"DERM-I00324","Colorescience Color Balm Berry","0813419026673","COLORESCIENCE","foto propia (no esta en Carol ni en Los Hidalgos, sin web accesible)"
"DERM-I00325","Colorescience Color Balm Blush","0813419026697","COLORESCIENCE","foto propia (no esta en Carol ni en Los Hidalgos, sin web accesible)"
"DERM-I00326","Colorescience Color Balm Golden Hour","0813419028158","COLORESCIENCE","foto propia (no esta en Carol ni en Los Hidalgos, sin web accesible)"
"DERM-I00327","Colorescience Color Balm Savanna","0810168640730","COLORESCIENCE","foto propia (no esta en Carol ni en Los Hidalgos, sin web accesible)"
"DERM-I00328","Colorescience Color Balm Violet Haze","0813419028141","COLORESCIENCE","foto propia (no esta en Carol ni en Los Hidalgos, sin web accesible)"
"DERM-I00329","Colorescience Face Shield Flex Medium","0813419027380","COLORESCIENCE","foto propia (no esta en Carol ni en Los Hidalgos, sin web accesible)"
"DERM-I00330","Colorescience Face Shield Flex TAN","0813419027403","COLORESCIENCE","foto propia (no esta en Carol ni en Los Hidalgos, sin web accesible)"
"DERM-I00331","Colorescience Flex Light SPF 50","0810168640563","COLORESCIENCE","foto propia (no esta en Carol ni en Los Hidalgos, sin web accesible)"
"DERM-I00332","Colorescience Sunforgettable Brocha Sheer Matte SPF 30","0813419027151","COLORESCIENCE","foto propia (no esta en Carol ni en Los Hidalgos, sin web accesible)"
"DERM-I00333","Colorescience Sunforgettable Brush-on Shield Fair SPF 30","0813419023887","COLORESCIENCE","foto propia (no esta en Carol ni en Los Hidalgos, sin web accesible)"
"DERM-I00335","Colorescience Sunforgettable Total Protection Balm Color Pink SKY","0813419028134","COLORESCIENCE","foto propia (no esta en Carol ni en Los Hidalgos, sin web accesible)"
"DERM-I00336","Colorescience Sunforgettable Total Protection Color Balm Bronze","0813419026710","COLORESCIENCE","foto propia (no esta en Carol ni en Los Hidalgos, sin web accesible)"
"DERM-I00337","Colorescience Sunforgettable Total Protection Face Shield Flex Fair SPF 50","0813419027366","COLORESCIENCE","foto propia (no esta en Carol ni en Los Hidalgos, sin web accesible)"
"DERM-I00338","Colorescience Total EYE 3-IN-1 Renewal Therapy SPF 35","0813419024044","COLORESCIENCE","foto propia (no esta en Carol ni en Los Hidalgos, sin web accesible)"
"DERM-I00339","Combinater Minoxidil 2.5 MG 30 Tabletas","7401156657118","COMBINATER","buscar o foto propia"
"DERM-I00340","Cromus 0.03% Unguento Tubo 30 ML","7703153018481","CROMUS","buscar o foto propia"
"DERM-I00341","Cromus 0.1% Unguento 30 MG","7703153018504","CROMUS","buscar o foto propia"
"DERM-I00342","Cumlaude Higiene Intima Diaria 500 ML","8428749001225","CUMLAUDE","buscar o foto propia"
"DERM-I00343","Cumlaude Viderage GEL 30 ML","8428749646600","CUMLAUDE","buscar o foto propia"
"DERM-I00344","Cutivate Crema 15MG","7896269905520","CUTIVATE","buscar o foto propia"
"DERM-I00345","Daeha Sobres 30","7730969307232","DAEHA","buscar o foto propia"
"DERM-I00346","Daeha Tabletas 30","7730969307225","DAEHA","buscar o foto propia"
"DERM-I00347","Dandrene Conditioner 205 ML","0816378020485","DANDRENE","buscar o foto propia"
"DERM-I00348","Dandrene Shampoo 205 ML","0816378020478","DANDRENE","buscar o foto propia"
"DERM-I00349","Darrow Actine Barra CON Tendencia Acneica","3282770388664","DARROW","sitio oficial de marca"
"DERM-I00350","Darrow Actine GEL CON Tendencia Acneica 140G","3282770153477","DARROW","sitio oficial de marca"
"DERM-I00351","Darrow Actine GEL CON Tendencia Acneica 240G","3282770153484","DARROW","sitio oficial de marca"
"DERM-I00352","Darrow Actine GEL CON Tendencia Acneica 400G","3282770153507","DARROW","sitio oficial de marca"
"DERM-I00354","Darrow Actine OIL Control GEL 140 G","3282770391435","DARROW","sitio oficial de marca"
"DERM-I00355","Darrow Actine OIL Control GEL 240 G","3282770391442","DARROW","sitio oficial de marca"
"DERM-I00357","Darrow Actine Solar ONE Invisible SPF 50 40 ML","3282770393989","DARROW","sitio oficial de marca"
"DERM-I00358","Darrow Actine Tono Claro SPF 50","","DARROW","sitio oficial de marca"
"DERM-I00359","Darrow Actine Tono Medio FPS 50","3282770207651","DARROW","sitio oficial de marca"
"DERM-I00360","Darrow Actine Tono Oscuro SPF 50","3282770207675","DARROW","sitio oficial de marca"
"DERM-I00362","Darrow Nutriforce Locion Hidratante SIN Perfume 200 ML","3282770390063","DARROW","sitio oficial de marca"
"DERM-I00363","Darrow Nutriforce Locion Hidratante SIN Perfume 400 ML","3282770390070","DARROW","sitio oficial de marca"
"DERM-I00364","Darrow Nutriforce MED Crema Hidratante Piel Sensible 100 ML","3282770388480","DARROW","sitio oficial de marca"
"DERM-I00365","Darrow Nutriforce MED Crema Hidratante Piel Sensible 390 ML","3282770388497","DARROW","sitio oficial de marca"
"DERM-I00366","Delivery","","DELIVERY","buscar o foto propia"
"DERM-I00367","Derma Elravie Crema 50 ML","8809162251778","DERMA","buscar o foto propia"
"DERM-I00368","Derma Elravie Espuma 150 ML","8809162251792","DERMA","buscar o foto propia"
"DERM-I00369","Derma Elravie EYE Cream 20 ML","8809162251785","DERMA","buscar o foto propia"
"DERM-I00370","Derma Elravie Fluido 150 ML","8809162251754","DERMA","buscar o foto propia"
"DERM-I00371","Derma Elravie GEL 50 ML","8809162251761","DERMA","buscar o foto propia"
"DERM-I00372","Derma Elravie Mela Return SUN Serum 50ML","8809162253789","DERMA","buscar o foto propia"
"DERM-I00373","Derma Elravie Sunscreen SPF 50+ 45 ML","8809162251860","DERMA","buscar o foto propia"
"DERM-I00374","Derma Elravie Tonico First Essence 150 ML","8809162251747","DERMA","buscar o foto propia"
"DERM-I00375","Dermeden DD Cream Univ LIG SPF 50 50ML","3760192240376","DERMEDEN","buscar o foto propia"
"DERM-I00376","Dermovate Crema 0.05 % 30 G","7896269903021","DERMOVATE","buscar o foto propia"
"DERM-I00377","Derovit 50,000 UI 2 Cápsulas","7703153045654","DEROVIT","buscar o foto propia"
"DERM-I00378","Derovit 7000 Caja X 8 Unidades","7703153041182","DEROVIT","buscar o foto propia"
"DERM-I00379","Derovit 7000 UI X 16 CAP","7703153038946","DEROVIT","buscar o foto propia"
"DERM-I00380","Derovit D3- Vitamina K 30 Capsulas","7703153045340","DEROVIT","buscar o foto propia"
"DERM-I00381","Desowen Crema 30 GR","3499320001205","DESOWEN","buscar o foto propia"
"DERM-I00382","Dexalocal Crema 20 GR","7468592983102","DEXALOCAL","buscar o foto propia"
"DERM-I00383","Dexasalyl Unguento 20 GR","7468592983096","DEXASALYL","buscar o foto propia"
"DERM-I00384","Dicron C","7468517136118","DICRON","buscar o foto propia"
"DERM-I00385","Doxil 100 MG ** Detalle **","","DOXIL","buscar o foto propia"
"DERM-I00386","Drysol Desodorante 35 CC","0300960707354","DRYSOL","buscar o foto propia"
"DERM-I00400","Ducray Kertyol PSO Balsamo 200 ML","3282770205640","DUCRAY","buscar o foto propia"
"DERM-I00401","Ducray Kertyol PSO Shampoo","","DUCRAY","buscar o foto propia"
"DERM-I00404","Ducray Melascreen Depigmentante","","DUCRAY","buscar o foto propia"
"DERM-I00407","Ducray Melascreen UV Crema Ligera SPF 50 40 ML","3282770049503","DUCRAY","buscar o foto propia"
"DERM-I00409","Duoderm Parches 8 X 8","0768455174928","DUODERM","buscar o foto propia"
"DERM-I00410","Ecoven Solucion Topica 20 ML","7460082508161","ECOVEN","buscar o foto propia"
"DERM-I00411","Elidel Crema 1%","","ELIDEL","buscar o foto propia"
"DERM-I00412","Elocom Crema 15G","7707213875748","ELOCOM","buscar o foto propia"
"DERM-I00413","Elta MD UV AOX EYE Broad Spectrum Tinted SPF 50","0827854010210","ELTA","foto propia (no esta en Carol ni en Los Hidalgos, sin web accesible)"
"DERM-I00414","Elta MD UV AOX Mist Spray SPF40","0827854008002","ELTA","foto propia (no esta en Carol ni en Los Hidalgos, sin web accesible)"
"DERM-I00415","Elta MD UV Clear Blemish-prone SPF 50 1.7 OZ","","ELTA","foto propia (no esta en Carol ni en Los Hidalgos, sin web accesible)"
"DERM-I00416","Elta MD UV Clear Broad Spectrum SPF 46 - 14 GR","0390205025015","ELTA","foto propia (no esta en Carol ni en Los Hidalgos, sin web accesible)"
"DERM-I00417","Elta MD UV Clear Broad Spectrum SPF 46 1.7 OZ","0390205025008","ELTA","foto propia (no esta en Carol ni en Los Hidalgos, sin web accesible)"
"DERM-I00418","Elta MD UV Clear Broad Spectrum Tinted SPF 46","0390205025206","ELTA","foto propia (no esta en Carol ni en Los Hidalgos, sin web accesible)"
"DERM-I00419","Elta MD UV Clear Tinted SPF 46","","ELTA","foto propia (no esta en Carol ni en Los Hidalgos, sin web accesible)"
"DERM-I00420","Elta MD UV Daily Broad Spectrum SPF 40","0390205022892","ELTA","foto propia (no esta en Carol ni en Los Hidalgos, sin web accesible)"
"DERM-I00421","Elta MD UV Daily Broad Spectrum Tinte SPF 40 1.7 OZ","0390205022694","ELTA","foto propia (no esta en Carol ni en Los Hidalgos, sin web accesible)"
"DERM-I00422","Elta MD UV LIP Balm Broad Spectrum SPF 36","0390205025107","ELTA","foto propia (no esta en Carol ni en Los Hidalgos, sin web accesible)"
"DERM-I00423","Elta MD UV Luminous Broad-spectrum SPF 41","0390205022571","ELTA","foto propia (no esta en Carol ni en Los Hidalgos, sin web accesible)"
"DERM-I00424","Elta MD UV Sheer Broad Spectrum SPF 50","0390205025367","ELTA","foto propia (no esta en Carol ni en Los Hidalgos, sin web accesible)"
"DERM-I00425","Elta MD UV Skin Recovery Green SPF 50","0827854021629","ELTA","foto propia (no esta en Carol ni en Los Hidalgos, sin web accesible)"
"DERM-I00426","Elta MD UV Skin Recovery SPF 50","0827854021605","ELTA","foto propia (no esta en Carol ni en Los Hidalgos, sin web accesible)"
"DERM-I00427","Elta MD UV Sport Broad Spectrum SPF 50","0390205022878","ELTA","foto propia (no esta en Carol ni en Los Hidalgos, sin web accesible)"
"DERM-I00428","Elta MD UV Stick Broad Spectrum SPF 50","0090205077709","ELTA","foto propia (no esta en Carol ni en Los Hidalgos, sin web accesible)"
"DERM-I00429","Elta UV AOX Elements EYE","","ELTA","foto propia (no esta en Carol ni en Los Hidalgos, sin web accesible)"
"DERM-I00430","Emolienta QP","8470001814845","EMOLIENTA","buscar o foto propia"
"DERM-I00432","Endocare Aquafoam Limp. Facial 125ML","","ENDOCARE","buscar o foto propia"
"DERM-I00433","Endocare Aquafoam Limpiadora Facial 125 ML","8470001682673","ENDOCARE","buscar o foto propia"
"DERM-I00436","Endocare Radiance C Ferulic Edafence Serum 30ML","8436574361032","ENDOCARE","buscar o foto propia"
"DERM-I00437","Endocare Radiance Contorno DE Ojos Antiojeras 15 ML","8470001997302","ENDOCARE","buscar o foto propia"
"DERM-I00439","Endocare Tensage Concentrate","8437002567873","ENDOCARE","buscar o foto propia"
"DERM-I00443","EOS SUN Protect LIP","0840044704621","EOS","buscar o foto propia"
"DERM-I00444","EOS SUN Protect LIP Watermelon","0840044708650","EOS","buscar o foto propia"
"DERM-I00445","Etibeta 0.25 / 5 MG 10 Comprimidos","7467851057707","ETIBETA","buscar o foto propia"
"DERM-I00446","Etibeta Jarabe 0.25/5ML 60 ML","7467851059978","ETIBETA","buscar o foto propia"
"DERM-I00447","Eucerin Advanced Repair Cream 8 OZ","0072140031800","EUCERIN","sitio oficial de marca"
"DERM-I00448","Eucerin Advanced Repair Crema 16 OZ","0072140020491","EUCERIN","sitio oficial de marca"
"DERM-I00457","Eucerin Anti-pigmento GEL Limpiador 400 ML","4005800346576","EUCERIN","sitio oficial de marca"
"DERM-I00458","Eucerin Aquaphor Pomada Reparadora 55ML","4005800223136","EUCERIN","sitio oficial de marca"
"DERM-I00472","Eucerin Espuma Micelar Dermatoclean Hyaluron 150 ML","4005800270475","EUCERIN","sitio oficial de marca"
"DERM-I00475","Eucerin Hyaluron Filler +3x Effect Pore Minimizer Serum Facial 30 ML","7501054550211","EUCERIN","sitio oficial de marca"
"DERM-I00484","Eucerin Hyaluron-filler Epigenetic Serum","","EUCERIN","sitio oficial de marca"
"DERM-I00490","Eucerin Locion Solar Para Ninos SPF 50+","4005800027468","EUCERIN","sitio oficial de marca"
"DERM-I00495","Eucerin PH5 Jabon 100 GR","4005800086380","EUCERIN","sitio oficial de marca"
"DERM-I00501","Eucerin Pigment Control Tinted Anti-manchas Tono Claro","4005900902566","EUCERIN","sitio oficial de marca"
"DERM-I00503","Eucerin Protector Solar Fluid Crema Facial Ultra 100 SPF 50+ 80ML","4006000110363","EUCERIN","sitio oficial de marca"
"DERM-I00506","Eucerin Sensitive Mineral Tinted SPF 35","0072140036096","EUCERIN","sitio oficial de marca"
"DERM-I00507","Eucerin Sensitive Mineral Zinc Oxide Protection SPF 50 4 OZ","0072140032265","EUCERIN","sitio oficial de marca"
"DERM-I00510","Fillmed Skin Perfusion Cleansing OIL 500ML","3540550000169","FILLMED","buscar o foto propia"
"DERM-I00511","Fillmed Skin Perfusion Re-time Serum 30ML","3401360019973","FILLMED","buscar o foto propia"
"DERM-I00512","Filorga Hyalu-filler Serum Hidratante 30 ML","3540550017495","FILORGA","foto propia (no esta en Carol ni en Los Hidalgos, sin web accesible)"
"DERM-I00519","Filorga Ncef-revitalize Serum 30 ML","3540550015378","FILORGA","foto propia (no esta en Carol ni en Los Hidalgos, sin web accesible)"
"DERM-I00528","Filtro Solar Helio C","","FILTRO","buscar o foto propia"
"DERM-I00529","Fluconazol IF 150 MG X 14 CAP *** Detallado ***","7468438460446","FLUCONAZOL","buscar o foto propia"
"DERM-I00530","Fluconazol LAM 150 MG","","FLUCONAZOL","buscar o foto propia"
"DERM-I00531","Folister Complex Hair Lotion 60 ML","7703153042509","FOLISTER","buscar o foto propia"
"DERM-I00532","Frezyderm Crema Efecto Botulin 50 ML","5202888271625","FREZYDERM","buscar o foto propia"
"DERM-I00535","Frezyderm Face Acido Hyaluronic Serum 30 ML","5202888273216","FREZYDERM","buscar o foto propia"
"DERM-I00536","Frezyderm Face Pure Colágeno Serum 30 ML","5202888273230","FREZYDERM","buscar o foto propia"
"DERM-I00537","Frezyderm Face Retinol Serum 30 ML","5202888273247","FREZYDERM","buscar o foto propia"
"DERM-I00538","Frezyderm Face Super Skin Code Serum 30 ML","5202888273254","FREZYDERM","buscar o foto propia"
"DERM-I00539","Frezyderm Mild Wash Foam 150ML","5202888100123","FREZYDERM","buscar o foto propia"
"DERM-I00540","Frezyderm Revitalizing Serum 30 ML","5202888271113","FREZYDERM","buscar o foto propia"
"DERM-I00542","Frezyderm SUN Screen Velvet SPF 50 ML","5202888222290","FREZYDERM","buscar o foto propia"
"DERM-I00543","Frezyderm Vitamina C Serum","","FREZYDERM","buscar o foto propia"
"DERM-I00544","Fusibact Crema 20 GR","7468517130536","FUSIBACT","buscar o foto propia"
"DERM-I00545","Galderma Adaferin GEL Tubo 0.1% 30 G","3499320001526","GALDERMA","buscar o foto propia"
"DERM-I00546","Galderma Benzac AC GEL 5% 60G","3499320005395","GALDERMA","buscar o foto propia"
"DERM-I00547","Galderma Epiduo 0.1% / 2.5% GEL 30 G","3499320003087","GALDERMA","buscar o foto propia"
"DERM-I00548","Galderma Nutracort Locion 120 ML","3499320001359","GALDERMA","buscar o foto propia"
"DERM-I00549","Genove Fluidbase K CR Antiojeras 20ML","","GENOVE","buscar o foto propia"
"DERM-I00550","Genove Fluidbase K Crema Antiojeras 20 ML","8423372040382","GENOVE","buscar o foto propia"
"DERM-I00552","Genove Fluidbase Rederm 15% AHA GEL Forte 30 ML","8423372040009","GENOVE","buscar o foto propia"
"DERM-I00553","Genove Fluidbase Rederm Colageno Bebible 20 Sobres","8423372800450","GENOVE","buscar o foto propia"
"DERM-I00554","Genove Fluidbase Rederm Retinol + VIT C 30 ML","8423372040078","GENOVE","buscar o foto propia"
"DERM-I00555","Genove Genocutan GEL Dermatologico 100 ML","8423372800320","GENOVE","buscar o foto propia"
"DERM-I00556","Genove Genocutan GEL Dermatologico 250 ML","8423372800276","GENOVE","buscar o foto propia"
"DERM-I00557","Genove Genocutan GEL Dermatologico 500 ML","8423372800290","GENOVE","buscar o foto propia"
"DERM-I00558","Genove Previrit Crema DE Afeitar Sensitive 300 ML","8423372000645","GENOVE","buscar o foto propia"
"DERM-I00559","Glinderm Al 4%","","GLINDERM","buscar o foto propia"
"DERM-I00560","Glisodin Anti-age","3760084964083","GLISODIN","buscar o foto propia"
"DERM-I00561","Glisodin Skin Brightening 60 Capsulas","3760084964090","GLISODIN","buscar o foto propia"
"DERM-I00562","Glisodin V-sod 60 Capsulas","3760084964106","GLISODIN","buscar o foto propia"
"DERM-I00563","Guantes DE Tela ** DOS Unidades **","","GUANTES","buscar o foto propia"
"DERM-I00564","Guantes DE Tela Medieum ** DOS Unidades **","","GUANTES","buscar o foto propia"
"DERM-I00565","GV Crema Blanqueadora 30 GR.","7467924550043","GV","buscar o foto propia"
"DERM-I00566","GV Crema Glicofitica 30 GR","7467924550050","GV","buscar o foto propia"
"DERM-I00567","GV Eritromicina GEL AL 4%","","GV","buscar o foto propia"
"DERM-I00568","GV Jabon DE Manzanilla 235 ML","7467924550265","GV","buscar o foto propia"
"DERM-I00569","GV Locion Antiestrias 120 GR","7467924550210","GV","buscar o foto propia"
"DERM-I00570","GV Triblanq Crema 25 G","7467924550074","GV","buscar o foto propia"
"DERM-I00571","HD Cosmetic Efficiency Mask K 50 ML","","HD","buscar o foto propia"
"DERM-I00572","HD Melan TXA Crema GEL Noche 50 ML","8424561008961","HD","buscar o foto propia"
"DERM-I00573","HD Melan TXA Locion Corporal 400 ML","8424561008565","HD","buscar o foto propia"
"DERM-I00574","Heliocare 360 Color Beige GEL OIL Free SPF 50 50 ML","8470001873590","HELIOCARE","sitio oficial de marca"
"DERM-I00575","Heliocare 360 Color Bronze GEL OIL Free SPF 50 50 ML","8470001873583","HELIOCARE","sitio oficial de marca"
"DERM-I00576","Heliocare 360 Compacto Color Beige Oil-free","8470002141469","HELIOCARE","sitio oficial de marca"
"DERM-I00577","Heliocare 360 Compacto Color Perla","8470002141445","HELIOCARE","sitio oficial de marca"
"DERM-I00578","Heliocare 360 GEL OIL Free Color Bronze Intense","8470001921994","HELIOCARE","sitio oficial de marca"
"DERM-I00582","Heliocare 360 MD A-R Emulsion 50ML","8470002061705","HELIOCARE","sitio oficial de marca"
"DERM-I00581","Heliocare 360 MD AK Fluid SPF 100 50 ML","8470001870483","HELIOCARE","sitio oficial de marca"
"DERM-I00583","Heliocare 360 Mineral Fluido SPF 50","","HELIOCARE","sitio oficial de marca"
"DERM-I00584","Heliocare 360 Oral 60 Capsulas","8470001821478","HELIOCARE","sitio oficial de marca"
"DERM-I00585","Heliocare 360 Pigment Solution Fluid SPF 50+","8470001977793","HELIOCARE","sitio oficial de marca"
"DERM-I00586","Heliocare 360 Sensation SPF 50 50 ML","8470002147102","HELIOCARE","sitio oficial de marca"
"DERM-I00587","Heliocare 360 Sport Barra","8470002024434","HELIOCARE","sitio oficial de marca"
"DERM-I00590","Heliocare Advanced GEL SPF 50","8470001684011","HELIOCARE","sitio oficial de marca"
"DERM-I00591","Heliocare Compacto Color Brown Oil-free","8470002029224","HELIOCARE","sitio oficial de marca"
"DERM-I00592","Heliocare Compacto Color Fair Oil-free","8470002487307","HELIOCARE","sitio oficial de marca"
"DERM-I00593","Heliocare Compacto Color Light Oil-free","8470002029231","HELIOCARE","sitio oficial de marca"
"DERM-I00594","Heliocare GEL Crema Color Brown SPF 50","8470001571434","HELIOCARE","sitio oficial de marca"
"DERM-I00596","Heliocare Spray SPF 50 200 ML","8470001813800","HELIOCARE","sitio oficial de marca"
"DERM-I00598","Hidrisage Circadien Serum Reparador 40 ML","7703281020035","HIDRISAGE","buscar o foto propia"
"DERM-I00601","Hidrisage Lumed Base Fluida Tono Claro 40 G","7703281001515","HIDRISAGE","buscar o foto propia"
"DERM-I00605","Hidrisage MA AT Mousse Tono 1 25 GR","7703281002147","HIDRISAGE","buscar o foto propia"
"DERM-I00606","Hidrisage MA AT Mousse Tono 2 25 GR","7703281002154","HIDRISAGE","buscar o foto propia"
"DERM-I00607","Hidrisage MA AT Mousse Tono 3 25 GR","7703281002161","HIDRISAGE","buscar o foto propia"
"DERM-I00608","Hidrisage Yeux Contorno DE Ojos 20 G","7703281001935","HIDRISAGE","buscar o foto propia"
"DERM-I00609","Hidrotex Crema 30 GR","","HIDROTEX","buscar o foto propia"
"DERM-I00610","Hiposudol Desodorante Roll-on 50 ML","","HIPOSUDOL","buscar o foto propia"
"DERM-I00611","Hyalu Serum B5 30ML","","HYALU","buscar o foto propia"
"DERM-I00612","Iberdo Jabon Intimo 200 ML","7465668558134","IBERDO","buscar o foto propia"
"DERM-I00613","Ibertobar 100 MG 15 ** Detalle **","","IBERTOBAR","buscar o foto propia"
"DERM-I00614","Ibertobar 100 MG 15 Capsulas","7468438462549","IBERTOBAR","buscar o foto propia"
"DERM-I00615","Idcp Aceite DE Rosa Mosqueta","7460564400051","IDCP","foto propia (no esta en Carol ni en Los Hidalgos, sin web accesible)"
"DERM-I00616","Idcp Aceite Salicilado 2%","7460564400068","IDCP","foto propia (no esta en Carol ni en Los Hidalgos, sin web accesible)"
"DERM-I00617","Idcp Acido Tricloroacetico 95 % 5CC","7460564404325","IDCP","foto propia (no esta en Carol ni en Los Hidalgos, sin web accesible)"
"DERM-I00618","Idcp Antiestrias A","7460564400594","IDCP","foto propia (no esta en Carol ni en Los Hidalgos, sin web accesible)"
"DERM-I00619","Idcp Benzalic GEL 30 ML","7460564400778","IDCP","foto propia (no esta en Carol ni en Los Hidalgos, sin web accesible)"
"DERM-I00620","Idcp Bergamota AL 20%","7460564400792","IDCP","foto propia (no esta en Carol ni en Los Hidalgos, sin web accesible)"
"DERM-I00621","Idcp Capil G Locion Formula #14","7460564401775","IDCP","foto propia (no esta en Carol ni en Los Hidalgos, sin web accesible)"
"DERM-I00622","Idcp Capil S Locion Formula #13","7460564401751","IDCP","foto propia (no esta en Carol ni en Los Hidalgos, sin web accesible)"
"DERM-I00623","Idcp Carfenol","","IDCP","foto propia (no esta en Carol ni en Los Hidalgos, sin web accesible)"
"DERM-I00624","Idcp Cloruro DE Alumunio AL 70%","7460564401089","IDCP","foto propia (no esta en Carol ni en Los Hidalgos, sin web accesible)"
"DERM-I00625","Idcp Eritrosol 4%","","IDCP","foto propia (no esta en Carol ni en Los Hidalgos, sin web accesible)"
"DERM-I00626","Idcp Escabiderm N Unguento Formula 7","7460564401928","IDCP","foto propia (no esta en Carol ni en Los Hidalgos, sin web accesible)"
"DERM-I00627","Idcp Filtro Solar GEL","7460564401577","IDCP","foto propia (no esta en Carol ni en Los Hidalgos, sin web accesible)"
"DERM-I00628","Idcp Filtro Solar Ultra SPF 50+","7460564420738","IDCP","foto propia (no esta en Carol ni en Los Hidalgos, sin web accesible)"
"DERM-I00629","Idcp Formula - 102","7460564401720","IDCP","foto propia (no esta en Carol ni en Los Hidalgos, sin web accesible)"
"DERM-I00630","Idcp Formula #5 Pomada 45 GR","7460564401881","IDCP","foto propia (no esta en Carol ni en Los Hidalgos, sin web accesible)"
"DERM-I00631","Idcp Formula 101 Polvo 120 G","7460564401713","IDCP","foto propia (no esta en Carol ni en Los Hidalgos, sin web accesible)"
"DERM-I00632","Idcp Formula 8","","IDCP","foto propia (no esta en Carol ni en Los Hidalgos, sin web accesible)"
"DERM-I00633","Idcp GEL Nutritivo CON Liposomas Y Vitamina C","7460564402130","IDCP","foto propia (no esta en Carol ni en Los Hidalgos, sin web accesible)"
"DERM-I00634","Idcp Glinderm Blanqueadora AL 3%","7460564400860","IDCP","foto propia (no esta en Carol ni en Los Hidalgos, sin web accesible)"
"DERM-I00635","Idcp Glinderm Blanqueadora AL 4%","7460564400877","IDCP","foto propia (no esta en Carol ni en Los Hidalgos, sin web accesible)"
"DERM-I00636","Idcp Glinderm Crema AL 10%","7460564419053","IDCP","foto propia (no esta en Carol ni en Los Hidalgos, sin web accesible)"
"DERM-I00637","Idcp Glinderm GEL AL 10%","7460564419046","IDCP","foto propia (no esta en Carol ni en Los Hidalgos, sin web accesible)"
"DERM-I00638","Idcp Hidraderm E","7460564402604","IDCP","foto propia (no esta en Carol ni en Los Hidalgos, sin web accesible)"
"DERM-I00639","Idcp Hidroderm Crema AL 1%","7460564402338","IDCP","foto propia (no esta en Carol ni en Los Hidalgos, sin web accesible)"
"DERM-I00640","Idcp Hidrox AL 3% Crema","7460564402659","IDCP","foto propia (no esta en Carol ni en Los Hidalgos, sin web accesible)"
"DERM-I00641","Idcp Hidrox AL 3% Solucion","7460564402673","IDCP","foto propia (no esta en Carol ni en Los Hidalgos, sin web accesible)"
"DERM-I00642","Idcp Hidrox AL 5%","7460564402697","IDCP","foto propia (no esta en Carol ni en Los Hidalgos, sin web accesible)"
"DERM-I00643","Idcp Jabon DE Castilla","","IDCP","foto propia (no esta en Carol ni en Los Hidalgos, sin web accesible)"
"DERM-I00644","Idcp Jabón DE Manzanilla","7460564402932","IDCP","foto propia (no esta en Carol ni en Los Hidalgos, sin web accesible)"
"DERM-I00645","Idcp Ketoconazol Shampoo AL 2%","7460564402963","IDCP","foto propia (no esta en Carol ni en Los Hidalgos, sin web accesible)"
"DERM-I00646","Idcp Leche Para Limpieza","7460564403014","IDCP","foto propia (no esta en Carol ni en Los Hidalgos, sin web accesible)"
"DERM-I00647","Idcp Locion Antimicotica Formula #5 Solucion","7460564401898","IDCP","foto propia (no esta en Carol ni en Los Hidalgos, sin web accesible)"
"DERM-I00648","Idcp Locion Hidroderm HDC AL 2%","7460564402512","IDCP","foto propia (no esta en Carol ni en Los Hidalgos, sin web accesible)"
"DERM-I00649","Idcp Locion MC","7460564403007","IDCP","foto propia (no esta en Carol ni en Los Hidalgos, sin web accesible)"
"DERM-I00650","Idcp Locion Urea AL 10% CON Aloe Vera","7460564403175","IDCP","foto propia (no esta en Carol ni en Los Hidalgos, sin web accesible)"
"DERM-I00651","Idcp Locion Urea AL 3% CON Aloe Vera Y Avena","7460564420189","IDCP","foto propia (no esta en Carol ni en Los Hidalgos, sin web accesible)"
"DERM-I00652","Idcp Loxzital Locion Formula #1","7460564401652","IDCP","foto propia (no esta en Carol ni en Los Hidalgos, sin web accesible)"
"DERM-I00653","Idcp Minoxidil 5% Locion","7460564403595","IDCP","foto propia (no esta en Carol ni en Los Hidalgos, sin web accesible)"
"DERM-I00654","Idcp Pantalla Solar 1","7460564403922","IDCP","foto propia (no esta en Carol ni en Los Hidalgos, sin web accesible)"
"DERM-I00655","Idcp Pantalla Solar 2","7460564403939","IDCP","foto propia (no esta en Carol ni en Los Hidalgos, sin web accesible)"
"DERM-I00656","Idcp Peroxido DE Benzoilo GEL 5%","7460564404301","IDCP","foto propia (no esta en Carol ni en Los Hidalgos, sin web accesible)"
"DERM-I00657","Idcp Podofilina 25% 50CC","7460564400402","IDCP","foto propia (no esta en Carol ni en Los Hidalgos, sin web accesible)"
"DERM-I00658","Idcp Pomada Salicilada AL 20%","7460564404417","IDCP","foto propia (no esta en Carol ni en Los Hidalgos, sin web accesible)"
"DERM-I00659","Idcp Protecsol FPS 30","7460564404721","IDCP","foto propia (no esta en Carol ni en Los Hidalgos, sin web accesible)"
"DERM-I00660","Idcp Resorcina AL 3%","7460564404592","IDCP","foto propia (no esta en Carol ni en Los Hidalgos, sin web accesible)"
"DERM-I00661","Idcp Resorcina AL 5%.","7460564404608","IDCP","foto propia (no esta en Carol ni en Los Hidalgos, sin web accesible)"
"DERM-I00662","Idcp Retingel AL 0.05%","7460564404646","IDCP","foto propia (no esta en Carol ni en Los Hidalgos, sin web accesible)"
"DERM-I00663","Idcp Triancinol AL 0.01% Salicilada Pomada Esteroide","7460564401430","IDCP","foto propia (no esta en Carol ni en Los Hidalgos, sin web accesible)"
"DERM-I00664","Idcp Urea AL 20%","7460564404943","IDCP","foto propia (no esta en Carol ni en Los Hidalgos, sin web accesible)"
"DERM-I00665","Idcp Urea AL 40%","7460564405001","IDCP","foto propia (no esta en Carol ni en Los Hidalgos, sin web accesible)"
"DERM-I00666","Improscar Stick SPF 50","7350105850035","IMPROSCAR","buscar o foto propia"
"DERM-I00667","Inmunoferon 500MG ** Detalle **","8470001860736","INMUNOFERON","buscar o foto propia"
"DERM-I00668","Iraltone DS Shampoo 200 ML","","IRALTONE","buscar o foto propia"
"DERM-I00669","Iraltone Shampoo Fortificante 200ML","","IRALTONE","buscar o foto propia"
"DERM-I00670","Iraltone Shampoo Sebo-regulador 200 ML","8436574360462","IRALTONE","buscar o foto propia"
"DERM-I00672","Isdin Acniben Limpiador Matificante GEL 400 ML","8429420227590","ISDIN","sitio oficial de marca"
"DERM-I00675","Isdin Flavo-c Ultraglican DIA - Flavo-c Melatonin Noche","8470001864826","ISDIN","sitio oficial de marca"
"DERM-I00676","Isdin Fotoprotector Fusionwater 5 Daily Protection","8470001748577","ISDIN","sitio oficial de marca"
"DERM-I00677","Isdin Fotoprotector GEL Crema SPF 50 250 ML","8429420161214","ISDIN","sitio oficial de marca"
"DERM-I00678","Isdin Fotoprotector GEL Crema WET Skin SPF 50 250 ML","","ISDIN","sitio oficial de marca"
"DERM-I00680","Isdin Fotoprotector Invisible Stick SPF 50","8429420280885","ISDIN","sitio oficial de marca"
"DERM-I00683","Isdin Fotoprotector Transparent Spray WET Skin 50 SPF 250ML","8429420187948","ISDIN","sitio oficial de marca"
"DERM-I00684","Isdin Fotoprotector UV Mineral Brocha ON THE GO SPF 50","8429420200814","ISDIN","sitio oficial de marca"
"DERM-I00686","Isdin Fotoultra 100 Active Unify Corrige SPF 50+","8470001710529","ISDIN","sitio oficial de marca"
"DERM-I00690","Isdin Fusion Water Color Bronze","8429420226272","ISDIN","sitio oficial de marca"
"DERM-I00691","Isdin Fusion Water Color Medium 50 ML","8429420154186","ISDIN","sitio oficial de marca"
"DERM-I00692","Isdin Fusion Water Magic Color Bronze","8429420285651","ISDIN","sitio oficial de marca"
"DERM-I00693","Isdin Fusion Water Magic Color Light","8429420226265","ISDIN","sitio oficial de marca"
"DERM-I00694","Isdin Fusion Water Magic Color Medium","8429420285637","ISDIN","sitio oficial de marca"
"DERM-I00695","Isdin Fusion Water Magic Glow SPF 30 50ML","8429420307254","ISDIN","sitio oficial de marca"
"DERM-I00696","Isdin Fusion Water Magic SPF 50.","8429420248977","ISDIN","sitio oficial de marca"
"DERM-I00697","Isdin Hyaluronic Eyes","8429420281103","ISDIN","sitio oficial de marca"
"DERM-I00698","Isdin Hyaluronic Moisture Piel Grasa Y Mixta 50G","8429420223349","ISDIN","sitio oficial de marca"
"DERM-I00699","Isdin Hyaluronic Moisture Piel Normal 50G","","ISDIN","sitio oficial de marca"
"DERM-I00702","Isdin Isdineuticals AGE Reverse Nicht 50 ML","8429420172401","ISDIN","sitio oficial de marca"
"DERM-I00703","Isdin Micelar Solution 4 EN 1 100 ML","8470001880154","ISDIN","sitio oficial de marca"
"DERM-I00704","Isdin Micellar Solution 4 EN 1 400 ML","8429420128644","ISDIN","sitio oficial de marca"
"DERM-I00705","Isdin Nutradeica DS Facial GEL Crema","8429420171718","ISDIN","sitio oficial de marca"
"DERM-I00708","Isdin Ureadin Shower GEL 400 ML","8470001649799","ISDIN","sitio oficial de marca"
"DERM-I00711","Isdinceutics Flavo-c Ultraglican DIA","8429420138933","ISDINCEUTICS","buscar o foto propia"
"DERM-I00713","Isdinceutics K-ox-eyes 15 ML","8429420113374","ISDINCEUTICS","buscar o foto propia"
"DERM-I00714","Isdinceutics Mineral Brocha SPF50","8429420135185","ISDINCEUTICS","buscar o foto propia"
"DERM-I00730","Isispharma Neotone Prevent SPF50+ Mineral 30 ML","3760269770492","ISISPHARMA","buscar o foto propia"
"DERM-I00731","Isispharma Neotone Radiance 50+ Medieum 30ML","3760269770980","ISISPHARMA","buscar o foto propia"
"DERM-I00740","Isispharma Secalia AHA 200 ML.","3031500311621","ISISPHARMA","buscar o foto propia"
"DERM-I00742","Isispharma Secalia ATO Shower Cream 400 ML","0376026977108","ISISPHARMA","buscar o foto propia"
"DERM-I00752","Isispharma Uveblock SPF 50 DRY Touch Medium 40 ML","3760269770522","ISISPHARMA","buscar o foto propia"
"DERM-I00755","Isispharma Uveblock SPF 50+ Fluid Tinte Medium 40 ML.","3031500311614","ISISPHARMA","buscar o foto propia"
"DERM-I00758","Isispharma Uveblock SPF 80 Tinted Cream 40 ML.","3031500311232","ISISPHARMA","buscar o foto propia"
"DERM-I00760","Isoface 20 MG X 30 Capsulas","7703153016234","ISOFACE","buscar o foto propia"
"DERM-I00761","Isoface 40 MG X 20 Capsulas","7703153017859","ISOFACE","buscar o foto propia"
"DERM-I00762","Isolve 20 MG X 30 Caps","","ISOLVE","buscar o foto propia"
"DERM-I00763","Isox 15-D 100 MG","7501314705153","ISOX","buscar o foto propia"
"DERM-I00764","Ivermectina 6 MG ** Detalle **","7468999198628","IVERMECTINA","buscar o foto propia"
"DERM-I00765","Ivermectina 6MG X 6 Tabletas","7462103050000","IVERMECTINA","buscar o foto propia"
"DERM-I00766","Ivexterm 6 MG 2 Tabletas","7501122969808","IVEXTERM","buscar o foto propia"
"DERM-I00767","Jabon DE Castilla 75GRS","7460383896554","JABON","buscar o foto propia"
"DERM-I00768","Kalm 10 MG ** Detalle **","","KALM","buscar o foto propia"
"DERM-I00769","Kalm 25 MG ** Detalle **","","KALM","buscar o foto propia"
"DERM-I00770","Kalm Jarabe 120 ML","7460828545153","KALM","buscar o foto propia"
"DERM-I00771","Keto Plus Shampoo 120 ML","8904091113934","KETO","buscar o foto propia"
"DERM-I00772","Ketzole Jabon Pasta AL 2% 100 GR","7467851055338","KETZOLE","buscar o foto propia"
"DERM-I00773","Kexili - 0.1 Barra","7467634172405","KEXILI","buscar o foto propia"
"DERM-I00774","Kexili 0.3 Barra","7467634172467","KEXILI","buscar o foto propia"
"DERM-I00775","Kitoscell GEL PFD 30 GR","7502224228763","KITOSCELL","buscar o foto propia"
"DERM-I00857","L'occitane Verveine GEL Crema DE Mano 75 ML","3253581306239","L'OCCITANE","buscar o foto propia"
"DERM-I00776","LA Roche Effaclar MED GEL Cleanser 2% Salicylic Acid 100ML","","LA","sitio oficial de marca"
"DERM-I00777","LA Roche Posay Anthelios 60 Shaka Ultra Light Fluido","0883140012993","LA","sitio oficial de marca"
"DERM-I00779","LA Roche Posay Anthelios UV Clear SPF 50 50 ML","3606000622111","LA","sitio oficial de marca"
"DERM-I00780","LA Roche Posay Anthelios UV Hydra SPF 50 50 ML","3606000613126","LA","sitio oficial de marca"
"DERM-I00782","LA Roche Posay Anthelios UV Tone SPF 50 50 ML","3606000622050","LA","sitio oficial de marca"
"DERM-I00784","LA Roche Posay Cicaplast Levres","","LA","sitio oficial de marca"
"DERM-I00785","LA Roche Posay Cicaplast Spray 100 ML","3337875909990","LA","sitio oficial de marca"
"DERM-I00787","LA Roche Posay Effaclar BPO Multi Acne","","LA","sitio oficial de marca"
"DERM-I00790","LA Roche Posay KIT Effaclar Dermatological Acne","","LA","sitio oficial de marca"
"DERM-I00791","LA Roche Posay Lipikar Aceite 400 ML","3337875853484","LA","sitio oficial de marca"
"DERM-I00794","LA Roche Posay Posthelios 100 ML","3337875560382","LA","sitio oficial de marca"
"DERM-I00795","LA Roche Posay Vitamina C Brightening Cleanser","3337875924726","LA","sitio oficial de marca"
"DERM-I00797","LA Roche-posay Anthelios 50 Anti-aging Primer","","LA","sitio oficial de marca"
"DERM-I00798","LA Roche-posay Anthelios 50 Face Mineral Light Fluid Sunscreen 50 ML","0883140000907","LA","sitio oficial de marca"
"DERM-I00799","LA Roche-posay Anthelios 60 Face Clear Skin Sunscreen DRY Touch 50 ML","3606000430488","LA","sitio oficial de marca"
"DERM-I00800","LA Roche-posay Anthelios 60 Face DRY Touch 90 ML","3606000605886","LA","sitio oficial de marca"
"DERM-I00802","LA Roche-posay Anthelios AOX SPF 50","3606000403703","LA","sitio oficial de marca"
"DERM-I00803","LA Roche-posay Anthelios Dermo-pediatrics 125ML","8431567351892","LA","sitio oficial de marca"
"DERM-I00805","LA Roche-posay Anthelios Tinted Mineral Light Fluid SPF 50 50 ML","0883140020899","LA","sitio oficial de marca"
"DERM-I00807","LA Roche-posay Anthelios Ultra Light Spray Lotion Sunscreen SPF 60","0883140500841","LA","sitio oficial de marca"
"DERM-I00808","LA Roche-posay Anthelios Uvmune 400 Invisible Fluid","8431567501136","LA","sitio oficial de marca"
"DERM-I00811","LA Roche-posay Clarifying Solution 200 ML","0883140040248","LA","sitio oficial de marca"
"DERM-I00821","LA Roche-posay Effaclar Serum 30 ML","3337875734837","LA","sitio oficial de marca"
"DERM-I00823","LA Roche-posay Hyalu B5 Serum 50 ML","3337875683739","LA","sitio oficial de marca"
"DERM-I00824","LA Roche-posay Hyalu Serum B5 30ML","3337875583626","LA","sitio oficial de marca"
"DERM-I00827","LA Roche-posay Lipikar AP+ Gentle Foaming Moisturizing Wash 400ML","3337875751032","LA","sitio oficial de marca"
"DERM-I00834","LA Roche-posay Niacinamide 10 Serum 30 ML","3337875791885","LA","sitio oficial de marca"
"DERM-I00837","LA Roche-posay Redermic R 30 ML","3337872413063","LA","sitio oficial de marca"
"DERM-I00840","LA Roche-posay Toleriane Creme Moussante Purifiante 125ML","3433422405332","LA","sitio oficial de marca"
"DERM-I00843","LA Roche-posay Toleriane Double Repair Face Moisturizer 100 ML","3337875545792","LA","sitio oficial de marca"
"DERM-I00844","LA Roche-posay Toleriane Double Repair Face Moisturizer 40 ML","3337875839969","LA","sitio oficial de marca"
"DERM-I00845","LA Roche-posay Toleriane Double Repair Matte Moisturizer 100 ML","3337875782999","LA","sitio oficial de marca"
"DERM-I00847","LA Roche-posay Toleriane Double Repair UV Face Moisturizer SPF 30 100 ML","3337875545846","LA","sitio oficial de marca"
"DERM-I00849","LA Roche-posay Toleriane Purifying Foaming Cleanser 200 ML","3337875685894","LA","sitio oficial de marca"
"DERM-I00852","Lenoy Shampoo Anticaspa Grasa 240ML","7460828584466","LENOY","buscar o foto propia"
"DERM-I00853","Lenoy Shampoo Anticaspa Seca 240ML","7460828584473","LENOY","buscar o foto propia"
"DERM-I00854","Levaler 5MG 10 Capsulas","7703153036393","LEVALER","buscar o foto propia"
"DERM-I00855","Levaler Jarabe 120 ML","7703153024048","LEVALER","buscar o foto propia"
"DERM-I00856","Licoforte GEL AL 4% 30 GR","8470006515426","LICOFORTE","buscar o foto propia"
"DERM-I00858","Lubriderm Reparacion Intensiva 120ML","7501007528939","LUBRIDERM","buscar o foto propia"
"DERM-I00859","Lysine 500 MG","","LYSINE","buscar o foto propia"
"DERM-I00860","Marabea Crema 15 GR","7468517137283","MARABEA","buscar o foto propia"
"DERM-I00865","Martiderm Collagen Lift 20 ML","8436589052161","MARTIDERM","sitio oficial de marca"
"DERM-I00867","Martiderm DSP Intense Booster","8436589053403","MARTIDERM","sitio oficial de marca"
"DERM-I00868","Martiderm Epigence 145 Cream DIA 50 ML","8437015942292","MARTIDERM","sitio oficial de marca"
"DERM-I00871","Martiderm Pigment Zero Dsp-cover Stick","8437000435334","MARTIDERM","sitio oficial de marca"
"DERM-I00872","Martiderm Pigment Zero Dsp-crema SPF 50 40 ML","8437000435129","MARTIDERM","sitio oficial de marca"
"DERM-I00873","Martiderm Proteos Hydra Plus SP 10 Ampollas","8437000435150","MARTIDERM","sitio oficial de marca"
"DERM-I00874","Martiderm Proteos Liposome 10 AMP","","MARTIDERM","sitio oficial de marca"
"DERM-I00875","Martiderm Proteos Screen Color Fluid Cream SPF 50 40 ML","8437019178666","MARTIDERM","sitio oficial de marca"
"DERM-I00877","Martiderm Salicylic Imperfecciones","8436589051140","MARTIDERM","sitio oficial de marca"
"DERM-I00878","Martiderm SUN Care Active D Body Lotion","8436589051768","MARTIDERM","sitio oficial de marca"
"DERM-I00881","Mavala Scientifique K+5 ML","7618900995055","MAVALA","buscar o foto propia"
"DERM-I00882","Mavala Stop Botella 10 ML","7618900903050","MAVALA","buscar o foto propia"
"DERM-I00883","Mavala Stop-pen 4.4 ML","7618900903814","MAVALA","buscar o foto propia"
"DERM-I00884","MD Ceuticals 3D Protector Solar SPF 50","5002010130017","MD","buscar o foto propia"
"DERM-I00885","MD Ceuticals Bionic Skin Clear Acne 30 ML","5002015130074","MD","buscar o foto propia"
"DERM-I00886","MD Ceuticals Cleanser 200 ML","5002010130055","MD","buscar o foto propia"
"DERM-I00887","MD Ceuticals Phytic Antiox EYE Contour","5002010130031","MD","buscar o foto propia"
"DERM-I00888","MD Ceuticals Tranex Crema Blanqueadora","5002022130159","MD","buscar o foto propia"
"DERM-I00889","MD. Axilan Spray 60 ML","7798167580321","MD.","buscar o foto propia"
"DERM-I00890","MD. Newgel+ Clear Silicone Dots 1 DIA 6 PCS","","MD.","buscar o foto propia"
"DERM-I00891","MD. Newgel+e Silicona","0816465020305","MD.","buscar o foto propia"
"DERM-I00892","MD. Newgel+uv Silocone","0816465020046","MD.","buscar o foto propia"
"DERM-I00893","MD. Valurea Emulsion Corporal Humectante 500 ML","7798095330562","MD.","buscar o foto propia"
"DERM-I00894","Medihealth Acleria Hidratante GEL Facial 50G","7703281020363","MEDIHEALTH","sitio oficial de marca"
"DERM-I00895","Medihealth Acleria Mascarilla GEL Limpiador Facial 150G","7703281020356","MEDIHEALTH","sitio oficial de marca"
"DERM-I00896","Medihealth Aquatop Crema Reparadora Intensiva 250 G","7703281002024","MEDIHEALTH","sitio oficial de marca"
"DERM-I00897","Medihealth Aquatop Limpiador Liquido 400 ML","7703281020257","MEDIHEALTH","sitio oficial de marca"
"DERM-I00899","Medihealth Cetopic Crema Vitamina C 60 G","7703281002062","MEDIHEALTH","sitio oficial de marca"
"DERM-I00901","Medihealth Dermacortine Crema 15 G","7703281008415","MEDIHEALTH","sitio oficial de marca"
"DERM-I00902","Medihealth Dermacortine Emulsion 60 ML.","7703281008439","MEDIHEALTH","sitio oficial de marca"
"DERM-I00903","Medihealth Dermacortine Espuma 50 G","7703281001904","MEDIHEALTH","sitio oficial de marca"
"DERM-I00904","Medihealth Dermacortine Locion 0.1% 30 ML","7703281008422","MEDIHEALTH","sitio oficial de marca"
"DERM-I00906","Medihealth Farbicil 250 MG 28 Tabletas","7703281000228","MEDIHEALTH","sitio oficial de marca"
"DERM-I00907","Medihealth Farbicil Crema 15 G","7703281000129","MEDIHEALTH","sitio oficial de marca"
"DERM-I00908","Medihealth Farbicil Locion 30 ML","7703281000136","MEDIHEALTH","sitio oficial de marca"
"DERM-I00909","Medihealth Glicolic Crema Hidratante 60 G","7705849004013","MEDIHEALTH","sitio oficial de marca"
"DERM-I00910","Medihealth Glicolic Lotion 60 G","7705849004020","MEDIHEALTH","sitio oficial de marca"
"DERM-I00911","Medihealth Hidribet Locion 10 % 125 ML","7703333007458","MEDIHEALTH","sitio oficial de marca"
"DERM-I00912","Medihealth Lactibon FEM Locion 240 ML","7703281000365","MEDIHEALTH","sitio oficial de marca"
"DERM-I00913","Medihealth Micolis Crema 30 G","7730698348087","MEDIHEALTH","sitio oficial de marca"
"DERM-I00914","Medihealth Micolis Solucion AL 1% Gota","7730698348094","MEDIHEALTH","sitio oficial de marca"
"DERM-I00915","Medihealth Pirimed Champu 120 ML","7703332003550","MEDIHEALTH","sitio oficial de marca"
"DERM-I00916","Medihealth Poviral 400 X 10 Comprimidos","7862111350015","MEDIHEALTH","sitio oficial de marca"
"DERM-I00917","Medihealth Poviral 800 X 10 Comprimidos","7862111350022","MEDIHEALTH","sitio oficial de marca"
"DERM-I00918","Medihealth Poviral Crema Dermica 5G","7862111350145","MEDIHEALTH","sitio oficial de marca"
"DERM-I00919","Medihealth Presiderm Unguento 15 G","7703281000112","MEDIHEALTH","sitio oficial de marca"
"DERM-I00920","Medihealth Procicar NF 60 G","","MEDIHEALTH","sitio oficial de marca"
"DERM-I00921","Medihealth Procikel GEL Para Cicatrices SPF30 30 GR","7703281002437","MEDIHEALTH","sitio oficial de marca"
"DERM-I00922","Medihealth Umbrella Base Compacta Tono 3 Miel SPF 50+11 G","7703281002352","MEDIHEALTH","sitio oficial de marca"
"DERM-I00923","Medihealth Umbrella Base Compacta Tono 4 Durazno SPF 50+11 G","","MEDIHEALTH","sitio oficial de marca"
"DERM-I00924","Medihealth Umbrella Base Compacta Tono 5 Bronceado SPF 50+11 G","7703281002376","MEDIHEALTH","sitio oficial de marca"
"DERM-I00925","Medihealth Umbrella Crema SPF 50+ 60 G","7703281001461","MEDIHEALTH","sitio oficial de marca"
"DERM-I00926","Medihealth Umbrella GEL SPF 50+ 60 G","7703281001454","MEDIHEALTH","sitio oficial de marca"
"DERM-I00928","Medihealth Umbrella Intelligent Fluido DNA SPF 50+ 50 G","7703281002482","MEDIHEALTH","sitio oficial de marca"
"DERM-I00929","Medihealth Umbrella Kids SPF 50+ 120 G","7703281001485","MEDIHEALTH","sitio oficial de marca"
"DERM-I00930","Medihealth Umbrella MUY Resistente AL Agua SPF 50+ 170 G","7703281021162","MEDIHEALTH","sitio oficial de marca"
"DERM-I00931","Medihealth Umbrella Plus Spray SPF 50+ 120 G","7703281001447","MEDIHEALTH","sitio oficial de marca"
"DERM-I00932","Medihealth Umbrella Sport Active SPF 50 170 G","7703281020332","MEDIHEALTH","sitio oficial de marca"
"DERM-I00933","Medihealth Umbrella Sport Ultra SPF 50 50 G","7703281020349","MEDIHEALTH","sitio oficial de marca"
"DERM-I00934","Medihealth Umbrella Urban SPF 5O","7703281002451","MEDIHEALTH","sitio oficial de marca"
"DERM-I00935","Medihealth Virosupril Crema 5 GR","7703281001416","MEDIHEALTH","sitio oficial de marca"
"DERM-I00936","Medihealth Zudenina GEL 30G","7703281008316","MEDIHEALTH","sitio oficial de marca"
"DERM-I00937","Medihealth Zudenina PB GEL 30G","7703281002758","MEDIHEALTH","sitio oficial de marca"
"DERM-I00938","Medihealth Zudenina Plus GEL 30 G","7703281000280","MEDIHEALTH","sitio oficial de marca"
"DERM-I00939","Melacare Forte 15 GR","7468517130215","MELACARE","buscar o foto propia"
"DERM-I00940","Melina Locion 100 ML","7460082524079","MELINA","buscar o foto propia"
"DERM-I00941","Melina Shampoo 100 ML","7460082524086","MELINA","buscar o foto propia"
"DERM-I00942","Menaderm","","MENADERM","buscar o foto propia"
"DERM-I00943","Momederm Crema","7460347602320","MOMEDERM","buscar o foto propia"
"DERM-I00944","Momet Crema","","MOMET","buscar o foto propia"
"DERM-I00945","Neoretin Discrom Ultra Emulsion 30ML","","NEORETIN","buscar o foto propia"
"DERM-I00946","Neostrata Control DE Pigmento 50ML","0732013301606","NEOSTRATA","sitio oficial de marca"
"DERM-I00947","Neostrata Crema Iluninadora DE Ojos 15 ML","0732013301194","NEOSTRATA","sitio oficial de marca"
"DERM-I00949","Neostrata Iluminador DE LA Piel SPF 35 40 GR","0732013250164","NEOSTRATA","sitio oficial de marca"
"DERM-I00950","Neostrata Limpiador Ultra Iluminador 100ML","0732013250195","NEOSTRATA","sitio oficial de marca"
"DERM-I00951","Neostrata Locion Bionica 200 ML","0732013301408","NEOSTRATA","sitio oficial de marca"
"DERM-I00952","Neostrata Locion Suavizante DE Glicolico","0732013301330","NEOSTRATA","sitio oficial de marca"
"DERM-I00953","Neostrata Restaurador DE Pieles 50 GR","0732013301477","NEOSTRATA","sitio oficial de marca"
"DERM-I00954","Neostrata Restore Crema DE Ojos 15 ML","0732013301415","NEOSTRATA","sitio oficial de marca"
"DERM-I00955","Neostrata Skin Active Triple Reafirmante DE Cuello","0732013303013","NEOSTRATA","sitio oficial de marca"
"DERM-I00957","Neostrata Suero DE Noche CON Retinol 0.3% 30 ML","0732013301026","NEOSTRATA","sitio oficial de marca"
"DERM-I00958","Neostrata Terapia Intensiva DE Ojos","0732013301484","NEOSTRATA","sitio oficial de marca"
"DERM-I00959","Neutrogena 24 Parches","0070501064368","NEUTROGENA","sitio oficial de marca"
"DERM-I00960","Neutrogena Beach Defense Sunscreen Stick SPF 50+","0086800872757","NEUTROGENA","sitio oficial de marca"
"DERM-I00961","Neutrogena Glycolic Acid Overnight Peel 3.2 OZ","","NEUTROGENA","sitio oficial de marca"
"DERM-I00962","Neutrogena Hand Cream Glycerin Rich 2 OZ","0070501013007","NEUTROGENA","sitio oficial de marca"
"DERM-I00963","Neutrogena Hydro Boost Acid Hyaluronic GEL Crema","0070501064825","NEUTROGENA","sitio oficial de marca"
"DERM-I00964","Neutrogena Hydro Boost Acid Hyaluronic Water Crema","0070501064863","NEUTROGENA","sitio oficial de marca"
"DERM-I00965","Neutrogena Hydro Boost Hydrating GEL Cleanser 230 ML","0070501064221","NEUTROGENA","sitio oficial de marca"
"DERM-I00966","Neutrogena Hydro Boost Serum Concentrado CON Acido Hialuronico 30 ML","7891010254933","NEUTROGENA","sitio oficial de marca"
"DERM-I00967","Neutrogena Hydro Boost SPF 50 1.7 OZ","","NEUTROGENA","sitio oficial de marca"
"DERM-I00968","Neutrogena Invisible Daily SPF 60","0086800111535","NEUTROGENA","sitio oficial de marca"
"DERM-I00969","Neutrogena Mineral Ultra Sheer SPF 30","0086800193708","NEUTROGENA","sitio oficial de marca"
"DERM-I00970","Neutrogena Retinol PRO + 30 ML","0070501102190","NEUTROGENA","sitio oficial de marca"
"DERM-I00971","Neutrogena Stubborn Texture Niacinamide Serum 29 ML","0070501064290","NEUTROGENA","sitio oficial de marca"
"DERM-I00972","Nistazinc Crema 30G","7468592981306","NISTAZINC","buscar o foto propia"
"DERM-I00973","Nous 10","7467634172122","NOUS","buscar o foto propia"
"DERM-I00974","Nous 5","7467634172115","NOUS","buscar o foto propia"
"DERM-I00975","Novacrem Crema","","NOVACREM","buscar o foto propia"
"DERM-I00976","Panoxyl Acne Foaming Wash","0303160228551","PANOXYL","buscar o foto propia"
"DERM-I00977","Pasta Lassar CON Gentamicina","7460564403977","PASTA","buscar o foto propia"
"DERM-I00978","PCA Skin Pigment GEL PRO 29 ML","0827854001072","PCA","buscar o foto propia"
"DERM-I00979","Peptix Advance 30 ML","7704163377940","PEPTIX","buscar o foto propia"
"DERM-I00980","Perfectil Triple Active Skin, Hair & Nails","5021265220038","PERFECTIL","buscar o foto propia"
"DERM-I00981","Pilexil Lacer 50 Capsulas","8430340054456","PILEXIL","buscar o foto propia"
"DERM-I00982","Pilexil Shampoo Anticaida 300 ML","8470002063754","PILEXIL","buscar o foto propia"
"DERM-I00983","Pilexil Spray Anticaida 120 ML","8430340036469","PILEXIL","buscar o foto propia"
"DERM-I00984","Pilopeptan Cabellos Y Uñas 60 Capsulas","8423372025044","PILOPEPTAN","sitio oficial de marca"
"DERM-I00985","Pilopeptan Cabellos Y Uñas Intensive 15 Sobres","8423372025006","PILOPEPTAN","sitio oficial de marca"
"DERM-I00986","Pilopeptan Champu Anticaida Woman 250 ML","8423372840173","PILOPEPTAN","sitio oficial de marca"
"DERM-I00988","Pilopeptan GEL Reparador DE Uñas 10ML","8423372025051","PILOPEPTAN","sitio oficial de marca"
"DERM-I00989","Pilopeptan Locion Anticaida 100 ML","8423372000331","PILOPEPTAN","sitio oficial de marca"
"DERM-I00990","Pilopeptan Mascarilla Capilar Restauradora 200 ML","8423372840210","PILOPEPTAN","sitio oficial de marca"
"DERM-I00991","Pilopeptan SEB Capsulas Cabellos Grasos","8423372025082","PILOPEPTAN","sitio oficial de marca"
"DERM-I00992","Pilopeptan SEB DS Shampoo","8423372000232","PILOPEPTAN","sitio oficial de marca"
"DERM-I00993","Pilopeptan Serum Potenciador Pestañas Y Cejas 6 ML","8423372800429","PILOPEPTAN","sitio oficial de marca"
"DERM-I00994","Pilopeptan Serum Reparador Capilar Woman 30 ML","8423372800153","PILOPEPTAN","sitio oficial de marca"
"DERM-I00995","Pilopeptan Woman 5 Alpha","","PILOPEPTAN","sitio oficial de marca"
"DERM-I00996","Pilopeptan Woman Proteokel 4 / Ampollas","8423372000157","PILOPEPTAN","sitio oficial de marca"
"DERM-I00997","Prednoten 20 MG ** Detalle **","7460082530025","PREDNOTEN","buscar o foto propia"
"DERM-I00998","Prednoten 50 MG ** Detalle **","7460082530032","PREDNOTEN","buscar o foto propia"
"DERM-I00999","Prefex NS Jarabe X 60 ML","7460347605161","PREFEX","buscar o foto propia"
"DERM-I01000","Prefex NS X 10 Comprimido","7460347606069","PREFEX","buscar o foto propia"
"DERM-I01001","Primaderm Balance Cleansing GEL 200 ML","8436564667090","PRIMADERM","sitio oficial de marca"
"DERM-I01002","Primaderm Deep Cleansing Oil-to-milk 200 ML","8436564667083","PRIMADERM","sitio oficial de marca"
"DERM-I01004","Primaderm Glow UP Mist 50 ML","8436564667106","PRIMADERM","sitio oficial de marca"
"DERM-I01005","Primaderm Radiant Acid Peel 10 ML","8436564666871","PRIMADERM","sitio oficial de marca"
"DERM-I01006","Primaderm Radiant Corrective Serum 50 ML","8436564667014","PRIMADERM","sitio oficial de marca"
"DERM-I01007","Primaderm Radiant Forte Intensive Cream 50 ML","8436564666857","PRIMADERM","sitio oficial de marca"
"DERM-I01008","Primaderm Retinal Renewal 0.1% 30 ML","8436564667120","PRIMADERM","sitio oficial de marca"
"DERM-I01009","Primaderm Retinal Renewal 0.2% 30 ML","8436564667137","PRIMADERM","sitio oficial de marca"
"DERM-I01010","Primaderm Xpert Collageneur EYE Contour 15 ML","8436564666840","PRIMADERM","sitio oficial de marca"
"DERM-I01011","Primaderm Xpert Collageneur Serum 50 ML","8436564666772","PRIMADERM","sitio oficial de marca"
"DERM-I01012","Primaderm Xpert Expression Booster Peptide Balm 10 ML","8436564667007","PRIMADERM","sitio oficial de marca"
"DERM-I01013","Primaderm Xpert Expression Booster SOS X2 10 ML","8436564666987","PRIMADERM","sitio oficial de marca"
"DERM-I01014","Primaderm Xpert Expression Contour 15 ML","8436564666963","PRIMADERM","sitio oficial de marca"
"DERM-I01015","Primaderm Xpert Expression Crema Piel Normal 50 ML","8436564661623","PRIMADERM","sitio oficial de marca"
"DERM-I01016","Primaderm Xpert Lashes & Brows 4 ML","8436564666635","PRIMADERM","sitio oficial de marca"
"DERM-I01017","Primaderm Xpertsun Urban Antural Color High SPF 50 50 ML","","PRIMADERM","sitio oficial de marca"
"DERM-I01018","Primaderm Xpertsun Urban Antural Color Light SPF 50 50 ML","","PRIMADERM","sitio oficial de marca"
"DERM-I01019","Primaderm Xpertsun Urban SPF 50 50 ML","8436564661791","PRIMADERM","sitio oficial de marca"
"AT-ct5jmp","Producto conteo","","PRODUCTO","buscar o foto propia"
"DERM-I01020","Promo Azelac RU F-lum + C VIT Mist + C VIT","8429979472670","PROMO","buscar o foto propia"
"DERM-I01021","Purete Thermale GEL 200 ML","","PURETE","buscar o foto propia"
"DERM-I01022","Radiocare Ultra Crema Reparadora","8436574360677","RADIOCARE","buscar o foto propia"
"DERM-I01023","Regaxidil 5% 50MG 60 ML","8470006514337","REGAXIDIL","buscar o foto propia"
"DERM-I01024","Regener Crema..","","REGENER","buscar o foto propia"
"DERM-I01025","Regener Plus","7467851053983","REGENER","buscar o foto propia"
"DERM-I01026","Renueve-c Advance 30 ML","7704163054186","RENUEVE-C","buscar o foto propia"
"DERM-I01027","Renueve-c Advance Suero 30 ML","","RENUEVE-C","buscar o foto propia"
"DERM-I01028","Renueve-c Serum Renueve-c Serum 6 Vial X 5ML","8030082001109","RENUEVE-C","buscar o foto propia"
"DERM-I01029","Retiderm Crema 20 G","","RETIDERM","buscar o foto propia"
"DERM-I01030","Retiderm GEL 20 G","7468592982518","RETIDERM","buscar o foto propia"
"DERM-I01031","Retinol B3 Serum","","RETINOL","buscar o foto propia"
"DERM-I01032","Revita Conditioner 205 ML","0816378022496","REVITA","buscar o foto propia"
"DERM-I01033","Revita Shampoo 205 ML","0816378022502","REVITA","buscar o foto propia"
"DERM-I01034","Rexona Clinical Classic Aerosol 150 ML","7506306214989","REXONA","buscar o foto propia"
"DERM-I01035","Rexona Clinical Classic Stik 46 G","","REXONA","buscar o foto propia"
"DERM-I01036","Rexona Clinical Refresh Aerosol 150 ML","7891150089952","REXONA","buscar o foto propia"
"DERM-I01037","Rilastil Acnestil Attiva Anti-imperfecciones 40 ML","8050444859575","RILASTIL","sitio oficial de marca"
"DERM-I01038","Rilastil Acnestil GEL Limpiador 400 ML","8050444857960","RILASTIL","sitio oficial de marca"
"DERM-I01040","Rilastil Acnestil Mousse Limpiadora 165 ML","8050444852637","RILASTIL","sitio oficial de marca"
"DERM-I01041","Rilastil Acnestil PB GEL Calmante Sebonormalizante","8055510240516","RILASTIL","sitio oficial de marca"
"DERM-I01042","Rilastil Acnestil Purificante Body Spray","8055510243227","RILASTIL","sitio oficial de marca"
"DERM-I01043","Rilastil AK-100 Repair 50 ML","8050444859537","RILASTIL","sitio oficial de marca"
"DERM-I01044","Rilastil D-clar Gotas Despigmentantes 30 ML","8055510243241","RILASTIL","sitio oficial de marca"
"DERM-I01045","Rilastil Xerolact GEL Detergente Delicado Y Protector 750 ML","8050444859568","RILASTIL","sitio oficial de marca"
"DERM-I01046","Rilastil Xerolact Jabon DE Aceite 1000 ML","8055510249205","RILASTIL","sitio oficial de marca"
"DERM-I01047","Rilastil Xerolact Jabon DE Aceite 750 ML","","RILASTIL","sitio oficial de marca"
"DERM-I01048","Rilastil Xerolact PB Balsamo Anti-irritacion 200 ML","8050444858226","RILASTIL","sitio oficial de marca"
"DERM-I01049","Rilastil Xerolact PB Balsamo Anti-irritacion 400 ML","","RILASTIL","sitio oficial de marca"
"DERM-I01050","Rilastil Xerolact Stick Labial","","RILASTIL","sitio oficial de marca"
"DERM-I01051","Roacutane 20MG Caja 30 Comprimidos","7640149614817","ROACUTANE","buscar o foto propia"
"DERM-I01052","Scar Sheets","","SCAR","buscar o foto propia"
"DERM-I01053","Seda Jarabe 100 ML","7460347606823","SEDA","buscar o foto propia"
"DERM-I01054","Sensilis Azelaic Peel","8428749945703","SENSILIS","sitio oficial de marca"
"DERM-I01055","Sensilis Eternalist AGE Retinol","8428749849803","SENSILIS","sitio oficial de marca"
"DERM-I01056","Sensilis Gentle Cleansing Mousse Espuma Limpiadora 200 ML","8428749868507","SENSILIS","sitio oficial de marca"
"DERM-I01059","Sensilis Palpebral Relief ECZ Desmaquillante","8428749868606","SENSILIS","sitio oficial de marca"
"DERM-I01060","Sensilis Photocorrection AR 50+ 40 ML","8428749912408","SENSILIS","sitio oficial de marca"
"DERM-I01061","Sensilis Photocorrection D-pigment Color SPF 50 40 ML","8428749908005","SENSILIS","sitio oficial de marca"
"DERM-I01062","Sensilis Pure AGE Perfeccion Cicakn Serum","8428749006749","SENSILIS","sitio oficial de marca"
"DERM-I01063","Sensilis Pure AGE Perfection Retinal","","SENSILIS","sitio oficial de marca"
"DERM-I01064","Sensilis Pure AGE Perfection Retinol","8428749945604","SENSILIS","sitio oficial de marca"
"DERM-I01065","Sensilis Pure Perfection Crema DE Noche","","SENSILIS","sitio oficial de marca"
"DERM-I01066","Sensilis Purify Essential Cleanser GEL Limpiador Para Pieles Mixtas 400 ML","8428749868804","SENSILIS","sitio oficial de marca"
"DERM-I01067","Sensilis Purify Essential GEL Limpiador Cara Y Cuerpo 200 ML","8428749007975","SENSILIS","sitio oficial de marca"
"DERM-I01070","Sensilis Skin D-pigment Serum ATX B3","8428749915409","SENSILIS","sitio oficial de marca"
"DERM-I01069","Sensilis Skin Delight Mascarilla Vitamina C 50ML","8428749768005","SENSILIS","sitio oficial de marca"
"DERM-I01076","Sensilis THE Cool Rescue Bruma Hidra-calmante 150 ML","8428749868309","SENSILIS","sitio oficial de marca"
"DERM-I01078","Sensilis Water Fluid Color Antiaging SPF 50","8428749913603","SENSILIS","sitio oficial de marca"
"DERM-I01079","Serenus 10 MG ** Detalle **","","SERENUS","buscar o foto propia"
"DERM-I01080","Serenus 25 MG ** Detalle **","7467851057844","SERENUS","buscar o foto propia"
"DERM-I01083","Sesderma Acglicolic Leche Corporal 200 ML","8470002180581","SESDERMA","sitio oficial de marca"
"DERM-I01085","Sesderma Atopises GEL DE Baño 500 ML","8429979472045","SESDERMA","sitio oficial de marca"
"DERM-I01086","Sesderma Atopises Leche Corporal 400 ML","8429979457981","SESDERMA","sitio oficial de marca"
"DERM-I01091","Sesderma Azelac RU Serum + Crema GEL Promo","8429979460288","SESDERMA","sitio oficial de marca"
"DERM-I01093","Sesderma C-vit Advance Ampoules 10X 1.5 ML","8429979446176","SESDERMA","sitio oficial de marca"
"DERM-I01095","Sesderma C-vit Crema GEL Revitalizante 50 ML","8429979425638","SESDERMA","sitio oficial de marca"
"DERM-I01096","Sesderma C-vit Intensive Serum 10X 1.5 ML","8429979446169","SESDERMA","sitio oficial de marca"
"DERM-I01098","Sesderma C-vit Parches Contorno DE Ojos 7 ML","8470003298391","SESDERMA","sitio oficial de marca"
"DERM-I01101","Sesderma Daeses Crema GEL Facial 50 ML","8429979444936","SESDERMA","sitio oficial de marca"
"DERM-I01102","Sesderma DR. Serrano Revertage Crema Antiedad DE DIA","8429979472274","SESDERMA","sitio oficial de marca"
"DERM-I01103","Sesderma DR. Serrano Revertage Ovalo Facial","8429979472106","SESDERMA","sitio oficial de marca"
"DERM-I01104","Sesderma Dryses Desodorante Hombre 75 ML","8470002075221","SESDERMA","sitio oficial de marca"
"DERM-I01105","Sesderma Dryses Desodorante Mujer 75 ML","8470002075306","SESDERMA","sitio oficial de marca"
"DERM-I01106","Sesderma Dryses Solucion Antitranspirante 100 ML","8470003244268","SESDERMA","sitio oficial de marca"
"DERM-I01107","Sesderma Estryses Locion Antiestrias 2X1","8429979420367","SESDERMA","sitio oficial de marca"
"DERM-I01109","Sesderma Factor G Renew Biostimulation 7 Ampollas","8429979448378","SESDERMA","sitio oficial de marca"
"DERM-I01111","Sesderma Factor G Renew Crema Contorno DE Ojos 15 ML","8429979445919","SESDERMA","sitio oficial de marca"
"DERM-I01112","Sesderma Factor G Renew Crema Ovalo Facial Y Cuello","8429979445865","SESDERMA","sitio oficial de marca"
"DERM-I01115","Sesderma Fillderma Lips STEP1 -STEP2 2X6 ML","8429979441331","SESDERMA","sitio oficial de marca"
"DERM-I01116","Sesderma Glicare GEL Contorno DE Ojos Y Labios 30 ML","8470002075559","SESDERMA","sitio oficial de marca"
"DERM-I01121","Sesderma INT C-vit Serum + Hidraderm Hyal Cr-g Promo","8429979474919","SESDERMA","sitio oficial de marca"
"DERM-I01122","Sesderma KIT Mesoses + Fillderma ONE Crema","8429979473172","SESDERMA","sitio oficial de marca"
"DERM-I01124","Sesderma Mandelac GEL Hidratante 50 ML","8470003952699","SESDERMA","sitio oficial de marca"
"DERM-I01125","Sesderma Mesoses Crema Suprema 50 ML","8429979458223","SESDERMA","sitio oficial de marca"
"DERM-I01126","Sesderma Mesoses Serum Supreme 30 ML","8429979458261","SESDERMA","sitio oficial de marca"
"DERM-I01128","Sesderma Pack Corrector DE Ojeras C-vit + Angioses 15 / 15 ML","8429979469090","SESDERMA","sitio oficial de marca"
"DERM-I01129","Sesderma Repaskin Aerosol Corporal Transparente SPF 50 200 ML","8429979444707","SESDERMA","sitio oficial de marca"
"DERM-I01135","Sesderma Resveraderm Antiox Crema GEL Rejuvenecedor 50 ML","8429979419446","SESDERMA","sitio oficial de marca"
"DERM-I01138","Sesderma Reti AGE Contorno DE Ojos 15 ML","8429979417336","SESDERMA","sitio oficial de marca"
"DERM-I01140","Sesderma Reti AGE Serum Rejuvenecedor 30 ML","8429979444615","SESDERMA","sitio oficial de marca"
"DERM-I01141","Sesderma Retises Facial 0.50% GEL 30 ML","8470001535634","SESDERMA","sitio oficial de marca"
"DERM-I01142","Sesderma Retisil Crema Intensiva 50ML","8429979479433","SESDERMA","sitio oficial de marca"
"DERM-I01143","Sesderma Salises Crema Espumosa SIN Jabon 300 ML","8429979475121","SESDERMA","sitio oficial de marca"
"DERM-I01145","Sesderma Salises Liposomal Serum 30 ML","8429979472168","SESDERMA","sitio oficial de marca"
"DERM-I01149","Sesderma Sensyses Cleanser Ovalis 200 ML","8429979414540","SESDERMA","sitio oficial de marca"
"DERM-I01151","Sesderma Sensyses EYE Makeup Remover 100 ML","8429979432605","SESDERMA","sitio oficial de marca"
"DERM-I01154","Sesderma Sesbalance GEL 30 ML","8429979478801","SESDERMA","sitio oficial de marca"
"DERM-I01159","Sesderma Seskavel Shampoo 200 ML","8470002282131","SESDERMA","sitio oficial de marca"
"DERM-I01160","Sesderma Seslash 5 ML","8429979419491","SESDERMA","sitio oficial de marca"
"DERM-I01161","Sesderma Sesmahal B3 Niacinamida Serum 30 ML","8429979472595","SESDERMA","sitio oficial de marca"
"DERM-I01162","Sesderma Vitises GEL 100 ML","8470001537171","SESDERMA","sitio oficial de marca"
"DERM-I01163","Sesderma Vitises KT Lotion 100 ML","8429979467300","SESDERMA","sitio oficial de marca"
"DERM-I01164","Sesdermas Sesbalance Crema 50 ML","8429979478252","SESDERMAS","buscar o foto propia"
"DERM-I01165","Skinceuticals Blemish + AGE Defense","0883140500971","SKINCEUTICALS","buscar o foto propia"
"DERM-I01166","Skinceuticals C E Ferulic Antioxidant Serum 30 ML","0635494263008","SKINCEUTICALS","buscar o foto propia"
"DERM-I01167","Skinceuticals Discoloration Defense","3606000481244","SKINCEUTICALS","buscar o foto propia"
"DERM-I01168","Skinceuticals Glycolic 10","3606000480926","SKINCEUTICALS","buscar o foto propia"
"DERM-I01171","Skinceuticals P-tiox Wrinkle-modulating Peptide Serum","","SKINCEUTICALS","buscar o foto propia"
"DERM-I01169","Skinceuticals Phyto Corrective Essence Mist","3337875742511","SKINCEUTICALS","buscar o foto propia"
"DERM-I01170","Skinceuticals Phyto Corrective Masque","3606000436640","SKINCEUTICALS","buscar o foto propia"
"DERM-I01172","Skinceuticals Retexturing Activator","0635494327007","SKINCEUTICALS","buscar o foto propia"
"DERM-I01173","Skinceuticals Retinol 0.3","3606000507142","SKINCEUTICALS","buscar o foto propia"
"DERM-I01174","Skinseeticals Discoloration Defense","","SKINSEETICALS","buscar o foto propia"
"DERM-I01175","Sodermix 1.0 OZ","7640137410018","SODERMIX","buscar o foto propia"
"DERM-I01176","Sombrero","","SOMBRERO","buscar o foto propia"
"DERM-I01177","Soolantra 1% Crema 30GR","3499320006576","SOOLANTRA","buscar o foto propia"
"DERM-I01178","Spectral CSF 60 ML","0816378020508","SPECTRAL","buscar o foto propia"
"DERM-I01179","Spectral Dnc-n 60 ML","0816378020492","SPECTRAL","buscar o foto propia"
"DERM-I01180","Spectral Women Serum 60 ML","0816378022854","SPECTRAL","buscar o foto propia"
"DERM-I01181","Suiphar Spotless Forte Crema Aclarante 30 ML","8030082002373","SUIPHAR","buscar o foto propia"
"DERM-I01182","Suiphar Tricovit Forte Gotero Locion Capilar 90 ML","8030082002397","SUIPHAR","buscar o foto propia"
"DERM-I01183","Sunlat BT Emulsion Fluida SPF 50","8030082002243","SUNLAT","buscar o foto propia"
"DERM-I01184","Sunlat KER Crema 50 ML","8030082002182","SUNLAT","buscar o foto propia"
"DERM-I01185","Sunlat PRO 60 Capsulas","8030082001567","SUNLAT","buscar o foto propia"
"DERM-I01186","Talgraf 0.1% 20 GR","7468517134268","TALGRAF","buscar o foto propia"
"DERM-I01187","Tanit Crema DE Mano Despigmentante 50ML","","TANIT","buscar o foto propia"
"DERM-I01188","Tanit Crema DE Noche Depigmentante","8470002035171","TANIT","buscar o foto propia"
"DERM-I01190","Tanit Filtro Solar Hidratante SPF 50","8470003036108","TANIT","buscar o foto propia"
"DERM-I01191","Tanit Plus Crema Especial Despigmentante 15ML","8470003027526","TANIT","buscar o foto propia"
"DERM-I01192","Tanit Serum Intensivo Despigmentante 30ML","8470001784308","TANIT","buscar o foto propia"
"DERM-I01193","Tarjeta DE Certificado","","TARJETA","buscar o foto propia"
"DERM-I01194","Teleangil Facial Tubo","","TELEANGIL","buscar o foto propia"
"DERM-I01195","Terbicip Crema 20 G","7468517133766","TERBICIP","buscar o foto propia"
"DERM-I01196","Terbicip Solucion 30 ML","7468517135876","TERBICIP","buscar o foto propia"
"DERM-I01197","TERBICIP-250 Detallada","7468517133124","TERBICIP-250","buscar o foto propia"
"DERM-I01198","Terbix 250 MG ** Detalle **","","TERBIX","buscar o foto propia"
"DERM-I01199","Terbix Crema","7460347602207","TERBIX","buscar o foto propia"
"DERM-I01200","Terbix Spray 90 ML","7460134301375","TERBIX","buscar o foto propia"
"DERM-I01201","Tetralisal 150 MG / 16 Capsulas","7502003560480","TETRALISAL","buscar o foto propia"
"DERM-I01202","Tetralisal 300 MG / 20 Capsulas","7502003560473","TETRALISAL","buscar o foto propia"
"DERM-I01203","Thayers Facial Toner Rose Petal 355 ML","0041507070035","THAYERS","buscar o foto propia"
"DERM-I01204","THE Ordinary Argireline Solution 10% 1 OZ","0769915190946","THE","sitio oficial de marca"
"DERM-I01205","THE Ordinary Caffeine Solution 5% + Egcg 1 OZ","0769915190670","THE","sitio oficial de marca"
"DERM-I01206","THE Ordinary Glycolic Acid 7% 240 ML","0769915234060","THE","sitio oficial de marca"
"DERM-I01207","THE Ordinary Hyaluronic Acid 2% + B5 1 OZ","0769915190199","THE","sitio oficial de marca"
"DERM-I01208","THE Ordinary Multi-peptide Lash AND Brow Serum 5ML","0769915230420","THE","sitio oficial de marca"
"DERM-I01209","THE Ordinary Niacinamide 10% + Zinc 1% 1 OZ","0769915190311","THE","sitio oficial de marca"
"DERM-I01210","THE Ordinary Niacinamide 10% + Zinc 1% 2 OZ","0769915194951","THE","sitio oficial de marca"
"DERM-I01211","THE Ordinary Peeling 30 ML","0769915191004","THE","sitio oficial de marca"
"DERM-I01212","THE Ordinary Salicylic Masque Acid 2% 30 ML","0769915194852","THE","sitio oficial de marca"
"DERM-I01213","THE Ordinary Salicylic Solution Acid 2% 30 ML","0769915231731","THE","sitio oficial de marca"
"DERM-I01214","Thrombocid Crema 60 Gramos","8430340036490","THROMBOCID","buscar o foto propia"
"DERM-I01215","Tirizin Jarabe 10 MG 60 ML","7467851059190","TIRIZIN","buscar o foto propia"
"DERM-I01216","Tizo 2 SIN Color SPF 40","0358892336500","TIZO","sitio oficial de marca"
"DERM-I01217","Tizo 3 CON Color SPF 40","0358892326501","TIZO","sitio oficial de marca"
"DERM-I01218","Tizo AM Replenish CON Color SPF 40","","TIZO","sitio oficial de marca"
"DERM-I01219","Tizo EYE Renewal SIN Color SPF 20","0358892113156","TIZO","sitio oficial de marca"
"DERM-I01220","Tizo Gentle Amino GEL Cleanser","0358892129027","TIZO","sitio oficial de marca"
"DERM-I01221","Tizo LIP Protector SPF 45","","TIZO","sitio oficial de marca"
"DERM-I01222","Tizo Mineral Stick CON Color SPF 45","0358892122301","TIZO","sitio oficial de marca"
"DERM-I01223","Tizo Mineral Stick SIN Color SPF 45","0358892123308","TIZO","sitio oficial de marca"
"DERM-I01224","Tizo SUN Defense Con Color SPF 45","","TIZO","sitio oficial de marca"
"DERM-I01225","Tizo Ultra Zinc CON Color SPF 40","0358892319015","TIZO","sitio oficial de marca"
"DERM-I01226","Tizo Ultra Zinc SIN Color SPF 40","0358892317011","TIZO","sitio oficial de marca"
"DERM-I01227","Toalla DE Microfibra Para Cabello","","TOALLA","buscar o foto propia"
"DERM-I01228","Toalla DE Microfibra Secado DE Cara","","TOALLA","buscar o foto propia"
"DERM-I01229","Toalla Desmaquillante","","TOALLA","buscar o foto propia"
"DERM-I01230","Tranacix 30G","7640137417017","TRANACIX","buscar o foto propia"
"DERM-I01231","Trederma Crema 20 GR","7460082538274","TREDERMA","buscar o foto propia"
"DERM-I01232","Tricotabs X 60 Tabletas","8030082001857","TRICOTABS","buscar o foto propia"
"DERM-I01233","Tricovit Forte Locion 10 Viales X 8 ML","8030082000287","TRICOVIT","buscar o foto propia"
"DERM-I01234","Tricovit WNT Spray 125 ML","8030082002403","TRICOVIT","buscar o foto propia"
"DERM-I01235","Tricovit WNT Spray 60ML","8030082000300","TRICOVIT","buscar o foto propia"
"DERM-I01236","Triluma Crema","","TRILUMA","buscar o foto propia"
"DERM-I01237","Truvera 0.5 MG 30 Capsulas","7468517131311","TRUVERA","buscar o foto propia"
"DERM-I01238","Uriage AGE Lift Contorno DE Ojos 15 ML","3661434009211","URIAGE","sitio oficial de marca"
"DERM-I01239","Uriage AGE Lift Fluido 40 ML","3661434009266","URIAGE","sitio oficial de marca"
"DERM-I01240","Uriage AGE Lift Instan Filler 30 ML","","URIAGE","sitio oficial de marca"
"DERM-I01241","Uriage AGE Lift Intensivo Serum 30 ML.","3661434009273","URIAGE","sitio oficial de marca"
"DERM-I01243","Uriage Bariederm Cica Unguento Fisuras 40G","3661434005435","URIAGE","sitio oficial de marca"
"DERM-I01245","Uriage Bariederm Cica-levres 15 ML (oferta 2 X 15 ML)","3661434007736","URIAGE","sitio oficial de marca"
"DERM-I01247","Uriage Bariederm-cica Crema SPF 50+ 40 ML","3661434006548","URIAGE","sitio oficial de marca"
"DERM-I01248","Uriage Bariederm-cica Dermatological OIL Anti Estrias 100 ML","3661434011955","URIAGE","sitio oficial de marca"
"DERM-I01250","Uriage Bariesun Bruma SPF 50+ 200 ML.","3661434006500","URIAGE","sitio oficial de marca"
"DERM-I01251","Uriage Bariesun MAT SPF 50 + 50 ML","3661434005596","URIAGE","sitio oficial de marca"
"DERM-I01252","Uriage Bariesun SPF 50+ Spray Infante 200 ML","3661434008399","URIAGE","sitio oficial de marca"
"DERM-I01253","Uriage Bebe 1ER Change 100 ML","3661434008597","URIAGE","sitio oficial de marca"
"DERM-I01254","Uriage Bebe 1ERA Cleansing 200 ML","3661434008665","URIAGE","sitio oficial de marca"
"DERM-I01256","Uriage Crema Gommante Corporal 200 ML","3661434006234","URIAGE","sitio oficial de marca"
"DERM-I01258","Uriage Crema Lavante 500 ML.","3661434008788","URIAGE","sitio oficial de marca"
"DERM-I01259","Uriage Crema Lavante Barra 125G","3661434008818","URIAGE","sitio oficial de marca"
"DERM-I01260","Uriage Depiderm Crema DE Noche 30 ML","3661434008078","URIAGE","sitio oficial de marca"
"DERM-I01263","Uriage Desmaquillante DE Ojos Waterproof","3661434003691","URIAGE","sitio oficial de marca"
"DERM-I01264","Uriage Desodorant Roll-on 50ML. (oferta 2 X 50 ML)","3661434005237","URIAGE","sitio oficial de marca"
"DERM-I01265","Uriage Desodorante Frescos Spray 125 ML","3661434003110","URIAGE","sitio oficial de marca"
"DERM-I01266","Uriage Desodorante Roll-on 50 ML.","3661434004575","URIAGE","sitio oficial de marca"
"DERM-I01267","Uriage DS Emulsion Reguladora 40 ML","3661434000072","URIAGE","sitio oficial de marca"
"DERM-I01268","Uriage DS GEL Moussant Regulador 150 ML","3661434000089","URIAGE","sitio oficial de marca"
"DERM-I01270","Uriage DS Hair Shampooing Doux Equilibrant 200 ML","3661434007408","URIAGE","sitio oficial de marca"
"DERM-I01272","Uriage EAU Micelar Termal Piel Grasa","3661434009358","URIAGE","sitio oficial de marca"
"DERM-I01273","Uriage EAU Micelar Thermale Piel Normal 250 ML","3661434009389","URIAGE","sitio oficial de marca"
"DERM-I01274","Uriage EAU Thermale 150 ML","3661434000515","URIAGE","sitio oficial de marca"
"DERM-I01276","Uriage EAU Thermale 300 ML (oferta 2 X 300 ML)","3661434001031","URIAGE","sitio oficial de marca"
"DERM-I01277","Uriage EAU Thermale Contorno DE Ojos 15 ML","3661434005015","URIAGE","sitio oficial de marca"
"DERM-I01278","Uriage EAU Thermale Crema 40 ML","3661434005008","URIAGE","sitio oficial de marca"
"DERM-I01279","Uriage EAU Thermale Gelee D EAU 40 ML.","3661434007835","URIAGE","sitio oficial de marca"
"DERM-I01280","Uriage EAU Thermale Leche Corporal Lotion 200 ML","3661434004698","URIAGE","sitio oficial de marca"
"DERM-I01282","Uriage EAU Thermale Serum Booster H.A 30ML","3661434009525","URIAGE","sitio oficial de marca"
"DERM-I01283","Uriage Esencia DE Agua Thermale 100 ML","3661434012020","URIAGE","sitio oficial de marca"
"DERM-I01284","Uriage GYN PHY Bruma Spray","3661434006289","URIAGE","sitio oficial de marca"
"DERM-I01287","Uriage Hyseac 3-REGULADOR + 40 ML + Hyseac GEL","3661434009907","URIAGE","sitio oficial de marca"
"DERM-I01288","Uriage Hyseac Barra Dermatologica 100 G","3661434004568","URIAGE","sitio oficial de marca"
"DERM-I01292","Uriage Hyseac Pate SOS 15G","3661434010118","URIAGE","sitio oficial de marca"
"DERM-I01295","Uriage Roseliane Crema Anti-rougeurs 40 ML","3661434003394","URIAGE","sitio oficial de marca"
"DERM-I01297","Uriage Xemose Balsamo DE Aceite Calmante Anti Picazón 500 ML","3661434006968","URIAGE","sitio oficial de marca"
"DERM-I01300","Vadun Ungüento 30G","7460082542011","VADUN","buscar o foto propia"
"DERM-I01301","Valtrex 500 MG","","VALTREX","buscar o foto propia"
"DERM-I01302","Valtrex 500MG Caja X 10 Tabletas","","VALTREX","buscar o foto propia"
"DERM-I01303","Valuge Lumisol Serum Contorno DE Ojos","7798095330302","VALUGE","buscar o foto propia"
"DERM-I01304","Vanece Plus GEL 15G","8030082001116","VANECE","buscar o foto propia"
"DERM-I01305","Vaselina LIP Azul","0850050048381","VASELINA","buscar o foto propia"
"DERM-I01306","Vaselina Lips Rosado","0859581006853","VASELINA","buscar o foto propia"
"DERM-I01307","Vaseline Blueseal Aloe Fresh","","VASELINE","buscar o foto propia"
"DERM-I01308","Vaseline Blueseal Baby","","VASELINE","buscar o foto propia"
"DERM-I01309","Vaseline Blueseal Cocoa Butter","","VASELINE","buscar o foto propia"
"DERM-I01310","Vaseline Blueseal Original","","VASELINE","buscar o foto propia"
"DERM-I01311","Vaseline Blueseal Vitamina E","","VASELINE","buscar o foto propia"
"DERM-I01312","Vichy Dercos Acondicionador Anticaspa 200 ML","3337875908917","VICHY","sitio oficial de marca"
"DERM-I01313","Vichy Dercos Serum Anticaspa 200 ML","3337875908900","VICHY","sitio oficial de marca"
"DERM-I01314","Vichy Dercos Shampoo 390 ML","3337875909006","VICHY","sitio oficial de marca"
"DERM-I01315","Vichy Dercos Shampoo Anticaspa 200 ML","3337875908979","VICHY","sitio oficial de marca"
"DERM-I01316","Vichy Dermablend 3D Corrective Foundation 16H #45","3337871332327","VICHY","sitio oficial de marca"
"DERM-I01317","Vichy Dermablend 3D Corrective Foundation 16H #55","","VICHY","sitio oficial de marca"
"DERM-I01321","Vichy Liftactiv Retinol HA Concentrate 30ML","3337871325008","VICHY","sitio oficial de marca"
"DERM-I01327","Vichy Mineral 89 Crema Hidratante 72H Textura","","VICHY","sitio oficial de marca"
"DERM-I01334","Vichy Normaderm Phytoaction Daily Deep Cleansing GEL 400 ML","3337875837378","VICHY","sitio oficial de marca"
"DERM-I01336","Vichy Purete Thermale GEL Fresh Cleansing GEL 400 ML","3337875862066","VICHY","sitio oficial de marca"
"DERM-I01337","Vitilsi GEL 40 G","7640137419004","VITILSI","buscar o foto propia"
"DERM-I01338","Vitybell Caja 30 Capsulas","7703153042080","VITYBELL","buscar o foto propia"
"DERM-I01339","Vitybell FEM 60 Tabletas DE Gelatina","7703153042165","VITYBELL","buscar o foto propia"
"DERM-I01340","Xaltax 20 MG Caja","7468517134152","XALTAX","buscar o foto propia"
"DERM-I01341","Xaltax 40 MG","7468517134695","XALTAX","buscar o foto propia"
"DERM-I01342","ZO Leukoplast","","ZO","buscar o foto propia"