archivo,nombre_carol,sku_dermaland,nombre_dermaland,similitud
"acm-depiwhite-gel-contorno-de-ojos-15ml-104215.webp","ACM DEPIWHITE GEL CONTORNO DE OJOS 15ML.","DERM-I00017","ACM Depiwhite GEL Contorno DE Ojos","0.86"
"avene-dermabsolu-contorno-de-ojos-15-ml-crema-116816.webp","AVENE DERMABSOLU CONTORNO DE OJOS 15 ML CREMA","DERM-I00135","Avene Dermabsolu Contorno DE Ojos 15 ML","0.86"
"babe-stop-akn-200-ml-limpiador-purificante-23269.webp","BABE STOP AKN 200 ML LIMPIADOR PURIFICANTE","DERM-I00205","Babe Stop AKN GEL Limpiador Purificante 200 ML","0.86"
"babe-stop-akn-crema-hidratante-reparadora-50-ml-23356.webp","BABE STOP AKN CREMA HIDRATANTE REPARADORA 50 ML","DERM-I00207","Babe Stop AKN Hidratante Reparadora 50 ML","0.86"
"endocare-tensage-contorno-de-ojos-iluminador-15-ml-23267.webp","ENDOCARE TENSAGE CONTORNO DE OJOS ILUMINADOR 15 ML","DERM-I00440","Endocare Tensage Contorno DE Ojos Iluminador","0.86"
"isispharma-geneskin-c-premium-concentrado-iluminador-10-ml-117256.webp","ISISPHARMA GENESKIN C PREMIUM CONCENTRADO ILUMINADOR 10 ML","DERM-I00716","Isispharma Geneskin C Premium Concentrado Iluminador","0.86"
"sesderma-acglicolic-crema-gel-forte-50-ml-15351.webp","SESDERMA ACGLICOLIC CREMA GEL FORTE 50 ML","DERM-I01081","Sesderma Acglicolic Classic Crema GEL Forte 50 ML","0.86"
"sesderma-azelac-ru-liposomal-serum-despigmentante-30-ml-85898.webp","SESDERMA AZELAC RU LIPOSOMAL SERUM DESPIGMENTANTE 30 ML","DERM-I01090","Sesderma Azelac RU Liposomal Serum 30 ML","0.86"
"sesderma-c-vit-facial-liposomal-serum-30-ml-21605.webp","SESDERMA C-VIT FACIAL LIPOSOMAL SERUM 30 ML","DERM-I01097","Sesderma C-vit Liposomal Serum 30 ML","0.86"
"uriage-roseliane-cc-spf30-teinte-40-ml-crema-86595.webp","URIAGE ROSELIANE CC SPF30 TEINTE 40 ML CREMA","DERM-I01294","Uriage Roseliane CC Crema SPF 30 40 ML","0.86"
"a-derma-dermalibour-crema-reparadora-50-ml-108170.webp","A-DERMA DERMALIBOUR CREMA REPARADORA 50 ML","DERM-I00062","A-derma Dermalibour Crema 50ML","0.83"
"babe-4538-jabon-de-aceite-500-ml-20076.webp","BABE 4538 JABON DE ACEITE 500 ML","DERM-I00200","Babe Jabon DE Aceite 500 ML","0.83"
"sesderma-hidraderm-hyal-serum-facial-30-ml-88305.webp","SESDERMA HIDRADERM HYAL SERUM FACIAL 30 ML","DERM-I01118","Sesderma Hidraderm Hyal Serum 30 ML","0.83"
"uriage-hyseac-gel-nettoyant-150-ml-gel-limpiador-20179.webp","URIAGE HYSEAC GEL NETTOYANT 150 ML (GEL LIMPIADOR)","DERM-I01291","Uriage Hyseac GEL Nettoyant 150 ML","0.83"
"avene-agua-thermale-150-ml-spray-19576.webp","AVENE AGUA THERMALE 150 ML SPRAY","DERM-I00112","Avene Agua Thermale 150 ML","0.8"
"avene-agua-thermale-300-ml-spray-19577.webp","AVENE AGUA THERMALE 300 ML SPRAY","DERM-I00113","Avene Agua Thermale 300 ML","0.8"
"avene-cleanance-limpiador-200-ml-gel-19591.webp","AVENE CLEANANCE LIMPIADOR 200 ML GEL","DERM-I00129","Avene Cleanance GEL 200 ML","0.8"
"babe-4533-aloe-300-ml-gel-20067.webp","BABE 4533 ALOE 300 ML GEL","DERM-I00169","Babe Aloe GEL 300 ML","0.8"
"ducray-elution-shampoo-reequilibrante-200-ml-113794.webp","DUCRAY ELUTION SHAMPOO REEQUILIBRANTE 200 ML","DERM-I00390","Ducray Elution Shampoo 200 ML","0.8"
"uriage-eau-agua-thermale-300-ml-20183.webp","URIAGE EAU AGUA THERMALE 300 ML","DERM-I01275","Uriage EAU Thermale 300 ML","0.8"
"uriage-eau-thermale-water-150-ml-21996.webp","URIAGE EAU THERMALE WATER 150 ML","DERM-I01274","Uriage EAU Thermale 150 ML","0.8"
"sesderma-sesgen-32-facial-crema-activadora-celular-50-ml-22415.webp","SESDERMA SESGEN 32 FACIAL CREMA ACTIVADORA CELULAR 50 ML","DERM-I01157","Sesderma Sesgen 32 Crema Facial Activador Celular 50 ML","0.78"
"a-derma-exomega-control-crema-emollient-400-ml-21529.webp","A-DERMA EXOMEGA CONTROL CREMA EMOLLIENT 400 ML","DERM-I00067","A-derma Exomega Control Crema Emoliente 400 ML","0.75"
"a-derma-exomega-control-leche-emoliente-400-ml-105521.webp","A-DERMA EXOMEGA CONTROL LECHE EMOLIENTE 400 ML","DERM-I00067","A-derma Exomega Control Crema Emoliente 400 ML","0.75"
"acm-depiwhite-m-40-ml-crema-protectora-spf50-104227.webp","ACM DEPIWHITE. M 40 ML CREMA PROTECTORA SPF50+","DERM-I00021","ACM Depiwhite. M Crema Protectora 50+ 40ML","0.75"
"avene-a-oxitive-defense-antioxidante-30-ml-serum-113061.webp","AVENE A-OXITIVE DEFENSE ANTIOXIDANTE 30 ML SERUM","DERM-I00115","Avene A-oxitive Serum Defensa Antioxidante 30ML","0.75"
"endocare-contorno-de-ojos-y-labios-15-ml-85912.webp","ENDOCARE CONTORNO DE OJOS Y LABIOS 15 ML","DERM-I00434","Endocare Contorno DE Ojos Y Labios 15ML.","0.75"
"endocare-tensage-crema-30-ml-23250.webp","ENDOCARE TENSAGE CREMA 30 ML","DERM-I00441","Endocare Tensage Crema","0.75"
"endocare-tensage-serum-30-ml-20141.webp","ENDOCARE TENSAGE SERUM 30 ML","DERM-I00442","Endocare Tensage Serum","0.75"
"eucerin-10-urea-locion-corporal-piel-seca-250-ml-12265.webp","EUCERIN 10% UREA LOCION CORPORAL PIEL SECA 250 ML","DERM-I00509","Eucerin Urea 10% Locion Corporal 250 ML","0.75"
"eucerin-anti-pigment-dual-serum-facial-30-ml-116982.webp","EUCERIN ANTI-PIGMENT DUAL SERUM FACIAL 30 ML","DERM-I00452","Eucerin Anti-pigment Dual Serum Facial 30 ML.","0.75"
"eucerin-dermo-pure-oil-control-gel-100-ml-88245.webp","EUCERIN DERMO PURE OIL CONTROL GEL 100 ML","DERM-I00464","Eucerin Dermo Pure OIL Control Exfoliante 100 ML","0.75"
"isispharma-teen-derm-k-concentrate-anti-imperfections-30-ml-16662.webp","ISISPHARMA TEEN DERM K CONCENTRATE ANTI-IMPERFECTIONS 30 ML","DERM-I00749","Isispharma Teen Derm K Concentrate 30 ML","0.75"
"la-roche-posay-effaclar-mat-hydratante-s-40-ml-19605.webp","LA ROCHE POSAY EFFACLAR MAT HYDRATANTE S 40 ML","DERM-I00817","LA Roche-posay Effaclar MAT 40 ML","0.75"
"sesderma-c-vit-facial-liposomal-serum-30-ml-21605.webp","SESDERMA C-VIT FACIAL LIPOSOMAL SERUM 30 ML","DERM-I01092","Sesderma C-vit 5 Liposomal Serum 30 ML","0.75"
"sesderma-repaskin-tacto-seda-facial-spf50-50-ml-108068.webp","SESDERMA REPASKIN TACTO SEDA FACIAL SPF50 50 ML","DERM-I01133","Sesderma Repaskin Toque Tacto Seda Facial SPF 50","0.75"
"sesderma-reti-age-anti-edad-serum-30-ml-22603.webp","SESDERMA RETI-AGE ANTI-EDAD SERUM 30 ML","DERM-I01137","Sesderma Reti AGE Anti-aging Serum 30 ML","0.75"
"avene-dermabsolu-de-noche-40-ml-balsamo-116817.webp","AVENE DERMABSOLU DE NOCHE 40 ML BALSAMO","DERM-I00136","Avene Dermabsolu Crema DE Noche 40 ML","0.71"
"babe-gel-higiene-intima-pediatric-200-ml-74975.webp","BABE GEL HIGIENE INTIMA PEDIATRIC 200 ML","DERM-I00188","Babe GEL Higiene Intima Pediatrico 200 ML","0.71"
"babe-leche-hidratante-corporal-pediatrico-500-ml-21521.webp","BABE LECHE HIDRATANTE CORPORAL PEDIATRICO 500 ML","DERM-I00203","Babe Leche Hidratante Corporal Pediatrica 500 ML","0.71"
"bioderma-sebium-gel-moussant-200-ml-6-7-oz-21276.webp","BIODERMA SEBIUM GEL MOUSSANT 200 ML 6.7 OZ","DERM-I00248","Bioderma Sebium GEL Moussant Pompa 200 ML","0.71"
"bioderma-sebium-gel-moussant-200-ml-6-7-oz-21276.webp","BIODERMA SEBIUM GEL MOUSSANT 200 ML 6.7 OZ","DERM-I00249","Bioderma Sebium GEL Moussant Tubo 200 ML","0.71"
"bioderma-sebium-gel-moussant-200-ml-6-7-oz-21276.webp","BIODERMA SEBIUM GEL MOUSSANT 200 ML 6.7 OZ","DERM-I00247","Bioderma Sebium GEL Moussant Actif 200 ML","0.71"
"eucerin-anti-pigment-dual-serum-facial-30-ml-116982.webp","EUCERIN ANTI-PIGMENT DUAL SERUM FACIAL 30 ML","DERM-I00453","Eucerin Anti-pigment Serum 30 ML","0.71"
"isispharma-uveblock-spf50-fluido-invisible-40-ml-16660.webp","ISISPHARMA UVEBLOCK SPF50+ FLUIDO INVISIBLE 40 ML","DERM-I00754","Isispharma Uveblock SPF 50+ Fluid Invisible 40 ML","0.71"
"sesderma-hidraven-300-ml-crema-espumosa-16193.webp","SESDERMA HIDRAVEN 300 ML CREMA ESPUMOSA","DERM-I01120","Sesderma Hidraven Crema Espumosa SIN Jabon 300 ML","0.71"
"uriage-bariederm-cica-spray-assechant-reparateur-100-ml-105335.webp","URIAGE BARIEDERM CICA-SPRAY ASSECHANT REPARATEUR 100 ML","DERM-I01242","Uriage Bariederm Cica Spray 100 ML","0.71"
"uriage-hyseac-3-regul-cerma-facial-40-ml-86843.webp","URIAGE HYSEAC 3 REGUL CERMA FACIAL 40 ML","DERM-I01286","Uriage Hyseac 3-REGUL 40ML","0.71"
"vichy-double-glow-peel-mask-75-ml-90301.webp","VICHY DOUBLE GLOW PEEL MASK 75 ML","DERM-I01319","Vichy Double Glow Peeling Mask 75 ML","0.71"
"acm-duolys-protector-solar-anti-edad-spf-50-50-ml-crema-116434.webp","ACM DUOLYS PROTECTOR SOLAR ANTI-EDAD SPF 50+ 50 ML CREMA","DERM-I00027","ACM Duolys Anti-edad Crema Solar SPF 50 50ML","0.7"
"eucerin-anti-pigment-crema-facial-noche-50-ml-50-g-anti-man-105579.webp","EUCERIN ANTI-PIGMENT CREMA FACIAL NOCHE 50 ML 50 G ANTI-MAN","DERM-I00450","Eucerin Anti-pigment Crema Facial DE Noche 50ML","0.7"
"aceite-de-rosa-de-mosqueta-15-ml-19241.webp","ACEITE DE ROSA DE MOSQUETA 15 ML","DERM-I00615","Idcp Aceite DE Rosa Mosqueta","0.67"
"avene-cicalfate-reparadora-100-ml-crema-106014.webp","AVENE CICALFATE REPARADORA 100 ML CREMA","DERM-I00117","Avene Cicalfate Crema Plus 100 ML","0.67"
"avene-cicalfate-reparadora-40-ml-crema-19593.webp","AVENE CICALFATE REPARADORA 40 ML CREMA","DERM-I00118","Avene Cicalfate Crema Plus 40 ML","0.67"
"avene-dermabsolu-essencial-facial-30-ml-serum-116815.webp","AVENE DERMABSOLU ESSENCIAL FACIAL 30 ML SERUM","DERM-I00137","Avene Dermabsolu Serum 30 ML","0.67"
"babe-4541-250-ml-gel-higiene-intima-20070.webp","BABE 4541 250 ML GEL HIGIENE INTIMA","DERM-I00197","Babe Higiene Intima 250 ML","0.67"
"babe-crema-de-pies-reparadora-urea-10-100-ml-12774.webp","BABE CREMA DE PIES REPARADORA UREA 10% 100 ML","DERM-I00176","Babe Crema Reparadora Para Pies Urea 10%","0.67"
"babe-fotoprotector-transparente-wet-skin-sfp50-200-ml-88716.webp","BABE FOTOPROTECTOR TRANSPARENTE WET SKIN SFP50 200 ML","DERM-I00186","Babe Fotoprotector Transparente WET Skin SFP 50 200 ML","0.67"
"bioderma-atoderm-crema-ultra-nourishing-200-ml-104776.webp","BIODERMA ATODERM CREMA ULTRA NOURISHING 200 ML","DERM-I00221","Bioderma Atoderm Crema 200 ML","0.67"
"bioderma-sebium-solution-micellar-h2o-250-ml-16571.webp","BIODERMA SEBIUM SOLUTION MICELLAR H2O 250 ML","DERM-I00252","Bioderma Sebium H2O 250 ML","0.67"
"bioderma-sensibio-crema-apaisante-40-ml-116752.webp","BIODERMA SENSIBIO CREMA APAISANTE 40 ML","DERM-I00258","Bioderma Sensibio DS+ Crema 40 ML","0.67"
"bioderma-sensibio-forte-40-ml-crema-16574.webp","BIODERMA SENSIBIO FORTE 40 ML CREMA","DERM-I00258","Bioderma Sensibio DS+ Crema 40 ML","0.67"
"bioderma-sensibio-gel-contorno-de-ojo-15-ml-80177.webp","BIODERMA SENSIBIO GEL CONTORNO DE OJO 15 ML","DERM-I00260","Bioderma Sensibio EYE GEL Contorno DE Ojos 15 ML","0.67"
"cerave-resurfacing-retinol-30-ml-serum-118314.webp","CERAVE RESURFACING RETINOL 30 ML SERUM","DERM-I00301","Cerave Resurfacing Retinol Serum 1 OZ.","0.67"
"cetaphil-barra-dermolimpiadora-127-g-13646.webp","CETAPHIL BARRA DERMOLIMPIADORA 127 G","DERM-I00306","Cetaphil Barra Dermolimpiadora Limpieza Suave 127 G","0.67"
"effaclar-mouss-la-roche-posay-200-ml-gel-19573.webp","EFFACLAR MOUSS LA ROCHE POSAY 200 ML GEL","DERM-I00818","LA Roche-posay Effaclar Purifying Foaming GEL 200 ML","0.67"
"eucerin-hyaluron-contorno-de-ojos-15-ml-20053.webp","EUCERIN HYALURON CONTORNO DE OJOS 15 ML","DERM-I00474","Eucerin Hyaluron Filler + Elasticity Contorno DE Ojos 15 ML","0.67"
"genove-pilopeptan-champu-anticaida-250-ml-104648.webp","GENOVE PILOPEPTAN CHAMPU ANTICAIDA 250 ML","DERM-I00986","Pilopeptan Champu Anticaida Woman 250 ML","0.67"
"heliocare-360-gel-oil-free-spf50-50-ml-protector-solar-21366.webp","HELIOCARE 360 GEL OIL-FREE SPF50 50 ML PROTECTOR SOLAR","DERM-I00579","Heliocare 360 GEL Oil-free SPF 50","0.67"
"la-roche-posay-toleriane-ultra-intense-soothing-40-ml-22665.webp","LA ROCHE-POSAY TOLERIANE ULTRA INTENSE SOOTHING 40 ML","DERM-I00841","LA Roche-posay Toleriane Dermallergo Ultra 40 ML","0.67"
"pilopeptan-woman-30-comprimidos-104646.webp","PILOPEPTAN WOMAN 30 COMPRIMIDOS","DERM-I00987","Pilopeptan Comprimidos Cabello Woman 30 Capsulas","0.67"
"sesderma-hidraloe-gel-250-ml-19553.webp","SESDERMA HIDRALOE GEL 250 ML","DERM-I01119","Sesderma Hidraloe GEL DE Aloe 250 ML","0.67"
"sesderma-repaskin-tacto-seda-color-spf50-50-ml-118006.webp","SESDERMA REPASKIN TACTO SEDA COLOR SPF50 50 ML","DERM-I01132","Sesderma Repaskin Toque Tacto Seda Facial Color SPF 50","0.67"
"sesderma-repaskin-tacto-seda-facial-spf50-50-ml-108068.webp","SESDERMA REPASKIN TACTO SEDA FACIAL SPF50 50 ML","DERM-I01132","Sesderma Repaskin Toque Tacto Seda Facial Color SPF 50","0.67"
"umbrella-intelligent-spf-100-50-g-90016.webp","UMBRELLA INTELLIGENT SPF 100 50 G","DERM-I00927","Medihealth Umbrella Intelligent DNA SPF 100 50 G","0.67"
"uriage-gyn-phy-gel-intimo-200-ml-20178.webp","URIAGE GYN PHY GEL INTIMO 200 ML","DERM-I01285","Uriage Gyn-phy 200 ML","0.67"
"uriage-hyseac-40-ml-crema-matifiante-21991.webp","URIAGE HYSEAC 40 ML CREMA MATIFIANTE","DERM-I01289","Uriage Hyseac Crema Matificante 40 ML","0.67"
"uriage-thermale-crema-ligera-40-ml-23272.webp","URIAGE THERMALE CREMA LIGERA 40 ML","DERM-I01278","Uriage EAU Thermale Crema 40 ML","0.67"
"heliocare-360-gel-oil-free-spf50-50-ml-protector-solar-21366.webp","HELIOCARE 360 GEL OIL-FREE SPF50 50 ML PROTECTOR SOLAR","DERM-I00574","Heliocare 360 Color Beige GEL OIL Free SPF 50 50 ML","0.64"
"heliocare-360-gel-oil-free-spf50-50-ml-protector-solar-21366.webp","HELIOCARE 360 GEL OIL-FREE SPF50 50 ML PROTECTOR SOLAR","DERM-I00575","Heliocare 360 Color Bronze GEL OIL Free SPF 50 50 ML","0.64"
"sesderma-reti-age-anti-edad-retinol-crema-gel-50-ml-108018.webp","SESDERMA RETI AGE ANTI-EDAD RETINOL CREMA GEL 50 ML","DERM-I01136","Sesderma Reti AGE Anti-aging GEL Crema Facial 50 ML","0.64"
"a-derma-dermalibour-barrier-creme-protectrice-100-ml-106583.webp","A-DERMA DERMALIBOUR BARRIER CREME PROTECTRICE 100 ML","DERM-I00061","A-derma Dermalibour Barrier Crema 100 ML","0.63"
"a-derma-exomega-control-leche-emoliente-400-ml-105521.webp","A-DERMA EXOMEGA CONTROL LECHE EMOLIENTE 400 ML","DERM-I00068","A-derma Exomega Control Emoliente 200 ML","0.63"
"avene-cicalfate-reparador-de-labios-12-ml-balsamo-105489.webp","AVENE CICALFATE REPARADOR DE LABIOS 12 ML BALSAMO","DERM-I00116","Avene Cicalfate Balsamo Reparador Labios 10ML","0.63"
"babe-stop-akn-crema-hidratante-reparadora-50-ml-23356.webp","BABE STOP AKN CREMA HIDRATANTE REPARADORA 50 ML","DERM-I00206","Babe Stop AKN Hidratante Matificante 50ML","0.63"
"effaclar-mouss-la-roche-posay-200-ml-gel-19573.webp","EFFACLAR MOUSS LA ROCHE POSAY 200 ML GEL","DERM-I00786","LA Roche Posay Effaclar Adapalene GEL","0.63"
"eucerin-hyaluron-contorno-de-ojos-15-ml-20053.webp","EUCERIN HYALURON CONTORNO DE OJOS 15 ML","DERM-I00455","Eucerin Anti-pigmento Contorno DE Ojos 15 ML","0.63"
"heliocare-gel-cream-light-color-spf50-50-ml-21551.webp","HELIOCARE GEL CREAM LIGHT COLOR SPF50 50 ML","DERM-I00595","Heliocare GEL Crema Color Light SPF 50","0.63"
"sesderma-azelac-ru-gel-cream-trx-50-ml-116960.webp","SESDERMA AZELAC RU GEL CREAM TRX 50 ML","DERM-I01089","Sesderma Azelac RU GEL Crema 50 ML","0.63"
"sesderma-reti-age-anti-edad-serum-30-ml-22603.webp","SESDERMA RETI-AGE ANTI-EDAD SERUM 30 ML","DERM-I01140","Sesderma Reti AGE Serum Rejuvenecedor 30 ML","0.63"
"toleriane-purifying-foaming-cleanser-400-ml-114771.webp","TOLERIANE PURIFYING FOAMING CLEANSER 400 ML","DERM-I00850","LA Roche-posay Toleriane Purifying Foaming Cleanser 400 ML","0.63"
"acm-depiwhite-m-40-ml-crema-protectora-spf50-104227.webp","ACM DEPIWHITE. M 40 ML CREMA PROTECTORA SPF50+","DERM-I00022","ACM Depiwhite. M Crema Protectora CON Color 50+ 40ML","0.6"
"babe-aceite-regenerador-15-ml-omegas-3-6-9-20192.webp","BABE ACEITE REGENERADOR 15 ML OMEGAS 3, 6 & 9","DERM-I00168","Babe Aceite Regenerador Omega 3,6 Y 9","0.6"
"cicaplast-baume-la-roche-posay-b5-5-40-ml-balsamo-12150.webp","CICAPLAST BAUME LA ROCHE-POSAY B5 5% 40 ML BALSAMO","DERM-I00809","LA Roche-posay Cicaplast Balm B5 40 ML","0.6"
"ducray-anaphase-shampoo-200-ml-18621.webp","DUCRAY ANAPHASE SHAMPOO 200 ML","DERM-I00390","Ducray Elution Shampoo 200 ML","0.6"
"endocare-tensage-crema-30-ml-23250.webp","ENDOCARE TENSAGE CREMA 30 ML","DERM-I00435","Endocare GEL Crema 30 ML","0.6"
"endocare-tensage-serum-30-ml-20141.webp","ENDOCARE TENSAGE SERUM 30 ML","DERM-I00438","Endocare Retinol Serum 30 ML","0.6"
"eucerin-hyaluron-filler-elasticity-50-ml-crema-facial-noche-116984.webp","EUCERIN HYALURON FILLER+ELASTICITY 50 ML CREMA FACIAL NOCHE","DERM-I00483","Eucerin Hyaluron-filler + Elasticity Crema Facial Noche 50ML","0.6"
"eucerin-hyaluron-filler-crema-de-noche-50-ml-20052.webp","EUCERIN HYALURON-FILLER CREMA DE NOCHE 50 ML","DERM-I00483","Eucerin Hyaluron-filler + Elasticity Crema Facial Noche 50ML","0.6"
"la-roche-posay-lipikar-ap-balm-intense-repair-400-ml-106715.webp","LA ROCHE-POSAY LIPIKAR AP+ BALM INTENSE REPAIR 400 ML","DERM-I00831","LA Roche-posay Lipikar Wash AP+ 400 ML","0.6"
"la-roche-posay-micellar-water-ultra-400-ml-105427.webp","LA ROCHE-POSAY MICELLAR WATER ULTRA 400 ML","DERM-I00816","LA Roche-posay Effaclar EAU Micelar Water Ultra 400 ML","0.6"
"uriage-depiderm-spf50-30-ml-20180.webp","URIAGE DEPIDERM SPF50 30 ML","DERM-I01262","Uriage Depiderm SPF 50+ 30 ML","0.6"
"uriage-depiderm-spf50-30-ml-20180.webp","URIAGE DEPIDERM SPF50 30 ML","DERM-I01261","Uriage Depiderm Serum 30 ML","0.6"
"eucerin-hyaluron-filler-elasticity-crema-facial-dia-fps-15-116980.webp","EUCERIN HYALURON-FILLER + ELASTICITY CREMA FACIAL DIA FPS 15","DERM-I00483","Eucerin Hyaluron-filler + Elasticity Crema Facial Noche 50ML","0.58"
"avene-cleanance-limpiador-cara-cuerpo-400-ml-gel-81517.webp","AVENE CLEANANCE LIMPIADOR CARA/CUERPO 400 ML GEL","DERM-I00130","Avene Cleanance GEL 400 ML","0.57"
"babe-4538-jabon-de-aceite-500-ml-20076.webp","BABE 4538 JABON DE ACEITE 500 ML","DERM-I00171","Babe Balsamo DE Aceite 500 ML","0.57"
"babe-costra-lactea-200-ml-shampoo-pediatrico-20073.webp","BABE COSTRA LACTEA 200 ML SHAMPOO PEDIATRICO","DERM-I00173","Babe Champu Costra Lactea 200 ML","0.57"
"bioderma-atoderm-intensive-gel-moussant-200-ml-104778.webp","BIODERMA ATODERM INTENSIVE GEL MOUSSANT 200 ML","DERM-I00262","Bioderma Sensibio GEL Moussant 200 ML","0.57"
"bioderma-atoderm-intensive-gel-moussant-200-ml-104778.webp","BIODERMA ATODERM INTENSIVE GEL MOUSSANT 200 ML","DERM-I00222","Bioderma Atoderm GEL Douche 200 ML","0.57"
"bioderma-sensibio-h2o-solucion-micellaire-500-ml-116751.webp","BIODERMA SENSIBIO H2O SOLUCION MICELLAIRE 500 ML","DERM-I00266","Bioderma Sensibio H2O 500 ML Bomba","0.57"
"heliocare-360-oil-free-compactobeige-20292.webp","HELIOCARE 360 OIL-FREE COMPACTOBEIGE","DERM-I00579","Heliocare 360 GEL Oil-free SPF 50","0.57"
"heliocare-gel-ultra-spf-90-protector-solar-50-ml-19717.webp","HELIOCARE GEL ULTRA SPF 90 PROTECTOR SOLAR 50 ML","DERM-I00597","Heliocare Ultra GEL SPF 90","0.57"
"la-roche-posay-tolerain-200-ml-19562.webp","LA ROCHE-POSAY TOLERAIN 200 ML","DERM-I00811","LA Roche-posay Clarifying Solution 200 ML","0.57"
"sesderma-acglicolic-8-gel-hidratante-50-ml-15355.webp","SESDERMA ACGLICOLIC 8% GEL HIDRATANTE 50 ML","DERM-I01087","Sesderma Azelac GEL Hidratante 50 ML","0.57"
"sesderma-acglicolic-8-gel-hidratante-50-ml-15355.webp","SESDERMA ACGLICOLIC 8% GEL HIDRATANTE 50 ML","DERM-I01124","Sesderma Mandelac GEL Hidratante 50 ML","0.57"
"sesderma-acglicolic-8-gel-hidratante-50-ml-15355.webp","SESDERMA ACGLICOLIC 8% GEL HIDRATANTE 50 ML","DERM-I01144","Sesderma Salises GEL Hidratante 50 ML","0.57"
"sesderma-dryses-desodorante-de-hombre-80-ml-20040.webp","SESDERMA DRYSES DESODORANTE DE HOMBRE 80 ML","DERM-I01104","Sesderma Dryses Desodorante Hombre 75 ML","0.57"
"sesderma-dryses-desodorante-de-mujer-80-ml-20039.webp","SESDERMA DRYSES DESODORANTE DE MUJER 80 ML","DERM-I01105","Sesderma Dryses Desodorante Mujer 75 ML","0.57"
"sesderma-estryses-body-locion-antiestrias-200-ml-116971.webp","SESDERMA ESTRYSES BODY LOCION ANTIESTRIAS 200 ML","DERM-I01107","Sesderma Estryses Locion Antiestrias 2X1","0.57"
"sesderma-hidraderm-hyal-serum-facial-30-ml-88305.webp","SESDERMA HIDRADERM HYAL SERUM FACIAL 30 ML","DERM-I01082","Sesderma Acglicolic Facial Serum 30 ML","0.57"
"uriage-bariederm-100-ml-cica-creme-reparadora-23345.webp","URIAGE BARIEDERM 100 ML CICA-CREME REPARADORA","DERM-I01242","Uriage Bariederm Cica Spray 100 ML","0.57"
"uriage-bariederm-100-ml-cica-creme-reparadora-23345.webp","URIAGE BARIEDERM 100 ML CICA-CREME REPARADORA","DERM-I01246","Uriage Bariederm-cica Crema 100 ML","0.57"
"uriage-d-s-hair-lotion-sp-100-ml-86614.webp","URIAGE D.S. HAIR LOTION SP 100 ML","DERM-I01269","Uriage DS Hair Lotion 100 ML","0.57"
"uriage-xemose-syndet-nettoyant-doux-gel-200-ml-23373.webp","URIAGE XEMOSE SYNDET NETTOYANT DOUX GEL 200 ML","DERM-I01299","Uriage Xemose Syndet 200ML","0.57"
"vichy-mineral-89-hydrate-repulpe-fortifie-30-ml-108941.webp","VICHY MINERAL 89 HYDRATE REPULPE FORTIFIE 30 ML","DERM-I01324","Vichy Mineral 89 - 30 ML","0.57"
"a-derma-epitheliale-ha-ultra-reapair-40-ml-86603.webp","A-DERMA EPITHELIALE HA ULTRA REAPAIR 40 ML","DERM-I00063","A-derma Epitheliale A.H Ultra Reparador 40 ML","0.56"
"a-derma-exomega-control-crema-emollient-400-ml-21529.webp","A-DERMA EXOMEGA CONTROL CREMA EMOLLIENT 400 ML","DERM-I00066","A-derma Exomega Control Crema Emoliente 200 ML","0.56"
"a-derma-exomega-control-leche-emoliente-400-ml-105521.webp","A-DERMA EXOMEGA CONTROL LECHE EMOLIENTE 400 ML","DERM-I00070","A-derma Exomega Control Emoliente Spray 200 ML","0.56"
"acm-duolys-riche-hidratante-anti-edad-40-ml-crema-116436.webp","ACM DUOLYS RICHE HIDRATANTE ANTI-EDAD 40 ML CREMA","DERM-I00036","ACM Duolys Riche Anti-envejecimiento 40 ML","0.56"
"avene-a-oxitive-aqua-antioxidante-30-ml-crema-23379.webp","AVENE A-OXITIVE AQUA ANTIOXIDANTE 30 ML CREMA","DERM-I00115","Avene A-oxitive Serum Defensa Antioxidante 30ML","0.56"
"avene-dermabsolu-contorno-de-ojos-15-ml-crema-116816.webp","AVENE DERMABSOLU CONTORNO DE OJOS 15 ML CREMA","DERM-I00029","ACM Duolys Contorno DE Ojos Crema 15 ML","0.56"
"bioderma-photoderm-akn-mate-protector-solar-spf30-40-ml-21246.webp","BIODERMA PHOTODERM AKN MATE PROTECTOR SOLAR SPF30 40 ML","DERM-I00228","Bioderma Photoderm AKN MAT SPF 30 40 ML","0.56"
"bioderma-photoderm-max-aquafluide-spf50-40-ml-invisible-22040.webp","BIODERMA PHOTODERM MAX AQUAFLUIDE SPF50+ 40 ML INVISIBLE","DERM-I00237","Bioderma Photoderm MAX Fluido Invisible SPF 1OO 40 ML","0.56"
"bioderma-photoderm-max-aquafluide-spf50-40-ml-invisible-22040.webp","BIODERMA PHOTODERM MAX AQUAFLUIDE SPF50+ 40 ML INVISIBLE","DERM-I00230","Bioderma Photoderm Aquafluide Claire Light SPF 50+ 40 ML","0.56"
"cetaphil-proac-espuma-de-limpieza-236-ml-12825.webp","CETAPHIL PROAC ESPUMA DE LIMPIEZA 236 ML","DERM-I00313","Cetaphil PRO AC Dermacontrol Espuma DE Limpieza 236 ML","0.56"
"endocare-contorno-de-ojos-y-labios-15-ml-85912.webp","ENDOCARE CONTORNO DE OJOS Y LABIOS 15 ML","DERM-I00437","Endocare Radiance Contorno DE Ojos Antiojeras 15 ML","0.56"
"endocare-tensage-contorno-de-ojos-iluminador-15-ml-23267.webp","ENDOCARE TENSAGE CONTORNO DE OJOS ILUMINADOR 15 ML","DERM-I00437","Endocare Radiance Contorno DE Ojos Antiojeras 15 ML","0.56"
"eucerin-ph5-syndet-gel-hidratate-250-ml-20049.webp","EUCERIN PH5 SYNDET GEL HIDRATATE 250 ML","DERM-I00497","Eucerin PH5 Syndet GEL Cuerpo Y Rostro 250 ML","0.56"
"la-roche-posay-anthelios-daily-antioxidant-serum-30-ml-22608.webp","LA ROCHE POSAY ANTHELIOS DAILY ANTIOXIDANT SERUM 30 ML","DERM-I00821","LA Roche-posay Effaclar Serum 30 ML","0.56"
"la-roche-posay-redermic-corrector-anti-edad-30-ml-11920.webp","LA ROCHE POSAY REDERMIC CORRECTOR ANTI-EDAD 30 ML","DERM-I00837","LA Roche-posay Redermic R 30 ML","0.56"
"sesderma-azelac-ru-fluido-luminoso-spf50-50-ml-crema-116958.webp","SESDERMA AZELAC RU FLUIDO LUMINOSO SPF50 50 ML CREMA","DERM-I01089","Sesderma Azelac RU GEL Crema 50 ML","0.56"
"sesderma-c-vit-radiante-fluido-luminoso-1-7-oz-78998.webp","SESDERMA C-VIT RADIANTE FLUIDO LUMINOSO 1.7 OZ","DERM-I01099","Sesderma C-vit Radiance Fluido Luminoso 50 ML","0.56"
"sesderma-factor-g-anti-angi-serum-rejuvenecedor-30-ml-108014.webp","SESDERMA FACTOR G ANTI-ANGI SERUM REJUVENECEDOR 30 ML","DERM-I01113","Sesderma Factor G Renew Serum 30 ML","0.56"
"sesderma-repaskin-tacto-seda-color-spf50-50-ml-118006.webp","SESDERMA REPASKIN TACTO SEDA COLOR SPF50 50 ML","DERM-I01133","Sesderma Repaskin Toque Tacto Seda Facial SPF 50","0.56"
"uriage-roseliane-cc-spf30-teinte-40-ml-crema-86595.webp","URIAGE ROSELIANE CC SPF30 TEINTE 40 ML CREMA","DERM-I01296","Uriage Roseliane Crema Anti-rougeurs SPF 30 40 ML","0.56"
"eucerin-anti-pigment-crema-facial-dia-fps30-51-g-105605.webp","EUCERIN ANTI-PIGMENT CREMA FACIAL DIA FPS30 51 G","DERM-I00451","Eucerin Anti-pigment Crema Facial DIA FPS 30 50 ML","0.55"
"eucerin-anti-pigmento-cr-facial-de-noche-50ml-50gr-21389.webp","EUCERIN ANTI-PIGMENTO CR. FACIAL DE NOCHE 50ML/50GR.","DERM-I00450","Eucerin Anti-pigment Crema Facial DE Noche 50ML","0.55"
"la-roche-posay-lipikar-ap-balm-intense-repair-400-ml-106715.webp","LA ROCHE-POSAY LIPIKAR AP+ BALM INTENSE REPAIR 400 ML","DERM-I00792","LA Roche Posay Lipikar Daily Repair Lotion 400 ML","0.55"
"lumed-base-compacta-aclarante-despigmente-spf50-tono-claro-1-86374.webp","LUMED BASE COMPACTA ACLARANTE DESPIGMENTE SPF50 TONO CLARO 1","DERM-I00599","Hidrisage Lumed Base Compacta SPF 50 Tono Claro 11 G","0.55"
"eucerin-hyaluron-filler-crema-facial-dia-anti-edad-fps-30-50-104416.webp","EUCERIN HYALURON-FILLER CREMA FACIAL DIA ANTI EDAD FPS 30 50","DERM-I00451","Eucerin Anti-pigment Crema Facial DIA FPS 30 50 ML","0.54"
"a-derma-dermalibour-crema-reparadora-50-ml-108170.webp","A-DERMA DERMALIBOUR CREMA REPARADORA 50 ML","DERM-I00061","A-derma Dermalibour Barrier Crema 100 ML","0.5"
"a-derma-epitheliale-ha-ultra-reapair-40-ml-86603.webp","A-DERMA EPITHELIALE HA ULTRA REAPAIR 40 ML","DERM-I00064","A-derma Epitheliale A.H Ultra Reparador SPF 50 40ML","0.5"
"a-derma-exomega-control-emolliente-aceite-de-bano-200-ml-11937.webp","A-DERMA EXOMEGA CONTROL EMOLLIENTE ACEITE DE BANO 200 ML","DERM-I00068","A-derma Exomega Control Emoliente 200 ML","0.5"
"a-derma-exomega-control-emolliente-aceite-de-bano-200-ml-11937.webp","A-DERMA EXOMEGA CONTROL EMOLLIENTE ACEITE DE BANO 200 ML","DERM-I00073","A-derma Exomega Jabon Aceite 200 ML","0.5"
"a-derma-exomega-control-emolliente-aceite-de-bano-500-ml-21528.webp","A-DERMA EXOMEGA CONTROL EMOLLIENTE ACEITE DE BANO 500 ML","DERM-I00074","A-derma Exomega Jabon Aceite 500 ML","0.5"
"aceite-de-rosa-de-mosqueta-15-ml-19241.webp","ACEITE DE ROSA DE MOSQUETA 15 ML","DERM-I00003","Aceite Rosa Mosqueta 118 ML","0.5"
"acm-depiwhite-m-40-ml-crema-protectora-spf50-104227.webp","ACM DEPIWHITE. M 40 ML CREMA PROTECTORA SPF50+","DERM-I00038","ACM Medisun Crema SPF 50+ 40ML","0.5"
"avene-a-oxitive-aqua-antioxidante-30-ml-crema-23379.webp","AVENE A-OXITIVE AQUA ANTIOXIDANTE 30 ML CREMA","DERM-I00114","Avene A-oxitive DIA 30 ML","0.5"
"avene-a-oxitive-defense-antioxidante-30-ml-serum-113061.webp","AVENE A-OXITIVE DEFENSE ANTIOXIDANTE 30 ML SERUM","DERM-I00114","Avene A-oxitive DIA 30 ML","0.5"
"avene-agua-thermale-150-ml-spray-19576.webp","AVENE AGUA THERMALE 150 ML SPRAY","DERM-I00113","Avene Agua Thermale 300 ML","0.5"
"avene-agua-thermale-300-ml-spray-19577.webp","AVENE AGUA THERMALE 300 ML SPRAY","DERM-I00112","Avene Agua Thermale 150 ML","0.5"
"avene-agua-thermale-50-ml-spray-108300.webp","AVENE AGUA THERMALE 50 ML SPRAY","DERM-I00113","Avene Agua Thermale 300 ML","0.5"
"avene-agua-thermale-50-ml-spray-108300.webp","AVENE AGUA THERMALE 50 ML SPRAY","DERM-I00112","Avene Agua Thermale 150 ML","0.5"
"avene-cleanance-limpiador-100-ml-barra-22123.webp","AVENE CLEANANCE LIMPIADOR 100 ML BARRA","DERM-I00124","Avene Cleanance Barra 100 G","0.5"
"avene-cleanance-limpiador-100-ml-gel-108118.webp","AVENE CLEANANCE LIMPIADOR 100 ML GEL","DERM-I00129","Avene Cleanance GEL 200 ML","0.5"
"avene-cleanance-limpiador-100-ml-gel-108118.webp","AVENE CLEANANCE LIMPIADOR 100 ML GEL","DERM-I00130","Avene Cleanance GEL 400 ML","0.5"
"avene-cleanance-limpiador-200-ml-gel-19591.webp","AVENE CLEANANCE LIMPIADOR 200 ML GEL","DERM-I00130","Avene Cleanance GEL 400 ML","0.5"
"avene-hydrance-emulsion-ligera-spf30-40-ml-crema-117487.webp","AVENE HYDRANCE EMULSION LIGERA SPF30 40 ML CREMA","DERM-I00146","Avene Hydrance Emulsion Hidratante SPF 30","0.5"
"babe-4538-jabon-de-aceite-500-ml-20076.webp","BABE 4538 JABON DE ACEITE 500 ML","DERM-I00201","Babe Jabon DE Aceite Pediatrico 200ML","0.5"
"babe-4541-250-ml-gel-higiene-intima-20070.webp","BABE 4541 250 ML GEL HIGIENE INTIMA","DERM-I00188","Babe GEL Higiene Intima Pediatrico 200 ML","0.5"
"babe-hidra-calm-body-wash-jabon-500-ml-88659.webp","BABE HIDRA-CALM BODY WASH JABON 500 ML","DERM-I00202","Babe Jabon Hydra-calm 500ML","0.5"
"bioderma-atoderm-intensive-baume-200-ml-104780.webp","BIODERMA ATODERM INTENSIVE BAUME 200 ML","DERM-I00221","Bioderma Atoderm Crema 200 ML","0.5"
"bioderma-atoderm-intensive-gel-moussant-200-ml-104778.webp","BIODERMA ATODERM INTENSIVE GEL MOUSSANT 200 ML","DERM-I00248","Bioderma Sebium GEL Moussant Pompa 200 ML","0.5"
"bioderma-photoderm-max-aquafluide-teinte-golden-spf50-40-ml-22041.webp","BIODERMA PHOTODERM MAX AQUAFLUIDE TEINTE GOLDEN SPF50+ 40 ML","DERM-I00230","Bioderma Photoderm Aquafluide Claire Light SPF 50+ 40 ML","0.5"
"bioderma-sensibio-crema-apaisante-40-ml-116752.webp","BIODERMA SENSIBIO CREMA APAISANTE 40 ML","DERM-I00257","Bioderma Sensibio AR 40 ML","0.5"
"bioderma-sensibio-forte-40-ml-crema-16574.webp","BIODERMA SENSIBIO FORTE 40 ML CREMA","DERM-I00257","Bioderma Sensibio AR 40 ML","0.5"
"cerave-resurfacing-retinol-30-ml-serum-118314.webp","CERAVE RESURFACING RETINOL 30 ML SERUM","DERM-I00438","Endocare Retinol Serum 30 ML","0.5"
"cicaplast-baume-la-roche-posay-b5-5-40-ml-balsamo-12150.webp","CICAPLAST BAUME LA ROCHE-POSAY B5 5% 40 ML BALSAMO","DERM-I00783","LA Roche Posay Cicaplast Balm B5 UV SPF 50 40 ML","0.5"
"cicatricure-gel-30-g-13166.webp","CICATRICURE GEL 30 G","DERM-I00317","Clindaris GEL 30 G","0.5"
"ducray-anacaps-activ-30-capsulas-107742.webp","DUCRAY ANACAPS ACTIV+ 30 CAPSULAS","DERM-I00387","Ducray Anacaps Activ+ 30 Caps","0.5"
"ducray-keracnyl-gel-moussant-visage-corporal-400-ml-21953.webp","DUCRAY KERACNYL GEL MOUSSANT VISAGE CORPORAL 400 ML","DERM-I00394","Ducray Keracnyl GEL Limpiador 400 ML","0.5"
"ducray-keracnyl-pp-anti-imperfecciones-30-ml-crema-21952.webp","DUCRAY KERACNYL PP ANTI-IMPERFECCIONES 30 ML CREMA","DERM-I00395","Ducray Keracnyl Glycolic+ Crema 30ML","0.5"
"effaclar-mouss-la-roche-posay-200-ml-gel-19573.webp","EFFACLAR MOUSS LA ROCHE POSAY 200 ML GEL","DERM-I00819","LA Roche-posay Effaclar Purifying Foaming GEL 400 ML","0.5"
"endocare-contorno-de-ojos-y-labios-15-ml-85912.webp","ENDOCARE CONTORNO DE OJOS Y LABIOS 15 ML","DERM-I00193","Babe Healthyaging Tensor DE Ojos Y Labios 15 ML","0.5"
"eucerin-anti-pigment-crema-facial-noche-50-ml-50-g-anti-man-105579.webp","EUCERIN ANTI-PIGMENT CREMA FACIAL NOCHE 50 ML 50 G ANTI-MAN","DERM-I00451","Eucerin Anti-pigment Crema Facial DIA FPS 30 50 ML","0.5"
"eucerin-hyaluron-contorno-de-ojos-15-ml-20053.webp","EUCERIN HYALURON CONTORNO DE OJOS 15 ML","DERM-I00053","ACM Skintsugi Contorno DE Ojos 15 ML","0.5"
"eucerin-hyaluron-filler-elasticity-50-ml-crema-facial-noche-116984.webp","EUCERIN HYALURON FILLER+ELASTICITY 50 ML CREMA FACIAL NOCHE","DERM-I00450","Eucerin Anti-pigment Crema Facial DE Noche 50ML","0.5"
"eucerin-hyaluron-filler-crema-de-noche-50-ml-20052.webp","EUCERIN HYALURON-FILLER CREMA DE NOCHE 50 ML","DERM-I00450","Eucerin Anti-pigment Crema Facial DE Noche 50ML","0.5"
"heliocare-360-mineral-fluid-spf50-50-ml-23333.webp","HELIOCARE 360 MINERAL FLUID SPF50+ 50 ML","DERM-I00585","Heliocare 360 Pigment Solution Fluid SPF 50+","0.5"
"heliocare-360-oil-free-compact-pearl-23281.webp","HELIOCARE 360 OIL FREE COMPACT PEARL","DERM-I00579","Heliocare 360 GEL Oil-free SPF 50","0.5"
"heliocare-360-oil-free-compact-bronze-10gr-19713.webp","HELIOCARE 360 OIL-FREE COMPACT BRONZE 10GR","DERM-I00578","Heliocare 360 GEL OIL Free Color Bronze Intense","0.5"
"heliocare-360-oil-free-compactobeige-20292.webp","HELIOCARE 360 OIL-FREE COMPACTOBEIGE","DERM-I00576","Heliocare 360 Compacto Color Beige Oil-free","0.5"
"heliocare-360-sensation-spf50-50ml-19715.webp","HELIOCARE 360 SENSATION SPF50+50ML","DERM-I00586","Heliocare 360 Sensation SPF 50 50 ML","0.5"
"isispharma-uveblock-spf50-fluido-invisible-40-ml-16660.webp","ISISPHARMA UVEBLOCK SPF50+ FLUIDO INVISIBLE 40 ML","DERM-I00753","Isispharma Uveblock SPF 50+ DRY Touch 40 ML","0.5"
"la-roche-posay-redermic-r-15-ml-ojos-correcteur-dermatolog-22730.webp","LA ROCHE - POSAY REDERMIC R 15 ML OJOS CORRECTEUR DERMATOLOG","DERM-I00837","LA Roche-posay Redermic R 30 ML","0.5"
"la-roche-posay-anthelios-daily-antioxidant-serum-30-ml-22608.webp","LA ROCHE POSAY ANTHELIOS DAILY ANTIOXIDANT SERUM 30 ML","DERM-I00824","LA Roche-posay Hyalu Serum B5 30ML","0.5"
"la-roche-posay-anthelios-daily-antioxidant-serum-30-ml-22608.webp","LA ROCHE POSAY ANTHELIOS DAILY ANTIOXIDANT SERUM 30 ML","DERM-I00822","LA Roche-posay Glycolic B5 Serum 30 ML","0.5"
"la-roche-posay-effaclar-solucion-aclaradora-200-ml-89076.webp","LA ROCHE POSAY EFFACLAR SOLUCION ACLARADORA 200 ML","DERM-I00818","LA Roche-posay Effaclar Purifying Foaming GEL 200 ML","0.5"
"la-roche-posay-lipikar-ap-balm-intense-repair-400-ml-106715.webp","LA ROCHE-POSAY LIPIKAR AP+ BALM INTENSE REPAIR 400 ML","DERM-I00791","LA Roche Posay Lipikar Aceite 400 ML","0.5"
"la-roche-posay-pure-vitamin-c-tratamiento-relleno-anti-arru-12520.webp","LA ROCHE-POSAY PURE VITAMIN C TRATAMIENTO RELLENO ANTI-ARRU","DERM-I00836","LA Roche-posay Pure Vitamin C Yeux 15 ML","0.5"
"la-roche-posay-tolerain-200-ml-19562.webp","LA ROCHE-POSAY TOLERAIN 200 ML","DERM-I00842","LA Roche-posay Toleriane Dermo-cleanser 200 ML","0.5"
"lumed-base-fluida-aclarante-despigmentante-spf50-tono-oscuro-86368.webp","LUMED BASE FLUIDA ACLARANTE DESPIGMENTANTE SPF50 TONO OSCURO","DERM-I00602","Hidrisage Lumed Base Fluida Tono Oscuro 40 G","0.5"
"marti-derm-acniover-gel-purificante-acneica-200-ml-86566.webp","MARTI DERM ACNIOVER GEL PURIFICANTE ACNEICA 200 ML","DERM-I00863","Martiderm Acniover GEL Purificante 200 ML","0.5"
"marti-derm-micelar-limpiador-gel-200-ml-89735.webp","MARTI DERM MICELAR LIMPIADOR GEL 200 ML","DERM-I00870","Martiderm GEL Micelar Limpiador Cleansing 200 ML","0.5"
"neostrata-skin-active-soporte-de-la-matriz-spf30-50-gr-82484.webp","NEOSTRATA SKIN ACTIVE SOPORTE DE LA MATRIZ SPF30 50 GR","DERM-I00956","Neostrata Soporte DE LA Matrix SPF 30","0.5"
"sesderma-acglicolic-crema-gel-forte-50-ml-15351.webp","SESDERMA ACGLICOLIC CREMA GEL FORTE 50 ML","DERM-I01089","Sesderma Azelac RU GEL Crema 50 ML","0.5"
"sesderma-acglicolic-crema-gel-forte-50-ml-15351.webp","SESDERMA ACGLICOLIC CREMA GEL FORTE 50 ML","DERM-I01101","Sesderma Daeses Crema GEL Facial 50 ML","0.5"
"sesderma-azelac-ru-gel-cream-trx-50-ml-116960.webp","SESDERMA AZELAC RU GEL CREAM TRX 50 ML","DERM-I01087","Sesderma Azelac GEL Hidratante 50 ML","0.5"
"sesderma-azelac-ru-liposomal-serum-despigmentante-30-ml-85898.webp","SESDERMA AZELAC RU LIPOSOMAL SERUM DESPIGMENTANTE 30 ML","DERM-I01114","Sesderma Ferulac Liposomal Serum 30 ML","0.5"
"sesderma-azelac-ru-liposomal-serum-despigmentante-30-ml-85898.webp","SESDERMA AZELAC RU LIPOSOMAL SERUM DESPIGMENTANTE 30 ML","DERM-I01145","Sesderma Salises Liposomal Serum 30 ML","0.5"
"sesderma-c-vit-facial-liposomal-serum-30-ml-21605.webp","SESDERMA C-VIT FACIAL LIPOSOMAL SERUM 30 ML","DERM-I01082","Sesderma Acglicolic Facial Serum 30 ML","0.5"
"sesderma-hidraderm-hyal-serum-facial-30-ml-88305.webp","SESDERMA HIDRADERM HYAL SERUM FACIAL 30 ML","DERM-I01117","Sesderma Hidraderm Hyal Crema Facial 50 ML","0.5"
"sesderma-hidraloe-crema-contorno-ojos-15-ml-81311.webp","SESDERMA HIDRALOE CREMA CONTORNO OJOS 15 ML","DERM-I01111","Sesderma Factor G Renew Crema Contorno DE Ojos 15 ML","0.5"
"sesderma-hidraloe-crema-facial-hidratante-50-ml-81314.webp","SESDERMA HIDRALOE CREMA FACIAL HIDRATANTE 50 ML","DERM-I01117","Sesderma Hidraderm Hyal Crema Facial 50 ML","0.5"
"sesderma-hidraloe-crema-facial-hidratante-50-ml-81314.webp","SESDERMA HIDRALOE CREMA FACIAL HIDRATANTE 50 ML","DERM-I01101","Sesderma Daeses Crema GEL Facial 50 ML","0.5"
"sesderma-hidraven-300-ml-crema-espumosa-16193.webp","SESDERMA HIDRAVEN 300 ML CREMA ESPUMOSA","DERM-I01143","Sesderma Salises Crema Espumosa SIN Jabon 300 ML","0.5"
"sesderma-repaskin-facial-corporal-cream-gel-spf50-200-ml-22412.webp","SESDERMA REPASKIN FACIAL CORPORAL CREAM GEL SPF50 200 ML","DERM-I01129","Sesderma Repaskin Aerosol Corporal Transparente SPF 50 200 ML","0.5"
"sesderma-repaskin-fluido-invisible-spf50-50-ml-118005.webp","SESDERMA REPASKIN FLUIDO INVISIBLE SPF50 50 ML","DERM-I01130","Sesderma Repaskin Fluido Invisible Facial SPF 50+","0.5"
"sesderma-repaskin-toque-seco-spf50-50ml-22411.webp","SESDERMA REPASKIN TOQUE SECO SPF50 50ML","DERM-I01131","Sesderma Repaskin Toque Seco Facial SPF 50+","0.5"
"sesderma-resveraderm-antiox-facial-50-ml-concentrado-anti-e-22419.webp","SESDERMA RESVERADERM ANTIOX FACIAL 50 ML CONCENTRADO ANTI-E","DERM-I01134","Sesderma Resveraderm Antiox 50 ML","0.5"
"sesderma-salises-crema-espumosa-250-ml-19543.webp","SESDERMA SALISES CREMA ESPUMOSA 250 ML","DERM-I01143","Sesderma Salises Crema Espumosa SIN Jabon 300 ML","0.5"
"sesderma-seskavel-mascarilla-keratina-200ml-108038.webp","SESDERMA SESKAVEL MASCARILLA KERATINA 200ML","DERM-I01159","Sesderma Seskavel Shampoo 200 ML","0.5"
"uriage-bariederm-cica-spray-assechant-reparateur-100-ml-105335.webp","URIAGE BARIEDERM CICA-SPRAY ASSECHANT REPARATEUR 100 ML","DERM-I01246","Uriage Bariederm-cica Crema 100 ML","0.5"
"uriage-bebe-primer-shampoo-extra-gentle-200-ml-105385.webp","URIAGE BEBE PRIMER SHAMPOO EXTRA GENTLE 200 ML","DERM-I01255","Uriage Bebe 1ERA Shampoo 200 ML","0.5"
"uriage-eau-agua-thermale-300-ml-20183.webp","URIAGE EAU AGUA THERMALE 300 ML","DERM-I00113","Avene Agua Thermale 300 ML","0.5"
"uriage-eau-agua-thermale-300-ml-20183.webp","URIAGE EAU AGUA THERMALE 300 ML","DERM-I01274","Uriage EAU Thermale 150 ML","0.5"
"uriage-eau-thermale-water-150-ml-21996.webp","URIAGE EAU THERMALE WATER 150 ML","DERM-I01275","Uriage EAU Thermale 300 ML","0.5"
"uriage-keratosane-urea-30-40-ml-21989.webp","URIAGE KERATOSANE UREA 30% 40 ML","DERM-I01293","Uriage Keratosane 30 40ML","0.5"
"vichy-mineral-89-hydrate-repulpe-fortifie-30-ml-108941.webp","VICHY MINERAL 89 HYDRATE REPULPE FORTIFIE 30 ML","DERM-I01329","Vichy Mineral 89 Prebiotic 30 ML","0.5"
"vichy-mineral-89-hydrate-repulpe-fortifie-serum-75-ml-108959.webp","VICHY MINERAL 89 HYDRATE REPULPE FORTIFIE SERUM 75 ML","DERM-I01325","Vichy Mineral 89 75 ML","0.5"
"vichy-purete-thermale-gel-limpiador-3-en-1-200-ml-105425.webp","VICHY PURETE THERMALE GEL LIMPIADOR 3 EN 1 200 ML","DERM-I01335","Vichy Purete Thermale GEL Fresh Cleansing GEL 200 ML","0.5"
"vichy-purete-thermale-gel-limpiador-3-en-1-200-ml-105425.webp","VICHY PURETE THERMALE GEL LIMPIADOR 3 EN 1 200 ML","DERM-I01021","Purete Thermale GEL 200 ML","0.5"